id_aux,arg1
1,T1
10,T10
100,T100
101,T101
102,T102
103,T103
104,T104
105,T105
106,T106
107,T107
108,T108
109,T109
11,T11
110,T110
111,T111
112,T112
113,T113
114,T114
115,T115
116,T116
117,T117
118,T118
119,T119
12,T12
120,T120
121,T121
122,T122
123,T123
124,T124
125,T125
126,T126
127,T127
128,T128
129,T129
13,T13
130,T130
131,T131
132,T132
133,T133
134,T134
135,T135
136,T136
137,T137
138,T138
139,T139
14,T14
140,T140
141,T141
142,T142
143,T143
144,T144
145,T145
146,T146
147,T147
148,T148
149,T149
15,T15
150,T150
151,T151
152,T152
153,T153
154,T154
155,T155
156,T156
157,T157
158,T158
159,T159
16,T16
160,T160
161,T161
162,T162
163,T163
164,T164
165,T165
166,T166
167,T167
168,T168
169,T169
17,T17
170,T170
171,T171
172,T172
173,T173
174,T174
175,T175
176,T176
177,T177
178,T178
179,T179
18,T18
180,T180
181,T181
182,T182
183,T183
184,T184
185,T185
186,T186
187,T187
188,T188
189,T189
19,T19
190,T190
191,T191
192,T192
193,T193
194,T194
195,T195
196,T196
197,T197
198,T198
199,T199
2,T2
20,T20
200,T200
201,T201
202,T202
203,T203
204,T204
205,T205
206,T206
207,T207
208,T208
209,T209
21,T21
210,T210
211,T211
212,T212
213,T213
214,T214
215,T215
216,T216
217,T217
218,T218
219,T219
22,T22
220,T220
221,T221
222,T222
223,T223
224,T224
225,T225
226,T226
227,T227
228,T228
229,T229
23,T23
230,T230
231,T231
232,T232
233,T233
234,T234
235,T235
236,T236
237,T237
238,T238
239,T239
24,T24
240,T240
241,T241
242,T242
243,T243
244,T244
245,T245
246,T246
247,T247
248,T248
249,T249
25,T25
250,T250
251,T251
252,T252
253,T253
254,T254
255,T255
256,T256
257,T257
258,T258
259,T259
26,T26
260,T260
261,T261
262,T262
263,T263
264,T264
265,T265
266,T266
267,T267
268,T268
269,T269
27,T27
270,T270
271,T271
272,T272
273,T273
274,T274
275,T275
276,T276
277,T277
278,T278
279,T279
28,T28
280,T280
281,T281
282,T282
283,T283
284,T284
285,T285
286,T286
287,T287
288,T288
289,T289
29,T29
290,T290
291,T291
292,T292
293,T293
294,T294
295,T295
296,T296
297,T297
298,T298
299,T299
3,T3
30,T30
300,T300
301,T301
302,T302
303,T303
304,T304
305,T305
306,T306
307,T307
308,T308
309,T309
31,T31
310,T310
311,T311
312,T312
313,T313
314,T314
315,T315
316,T316
317,T317
318,T318
319,T319
32,T32
320,T320
321,T321
322,T322
323,T323
324,T324
325,T325
326,T326
327,T327
328,T328
329,T329
33,T33
330,T330
331,T331
332,T332
333,T333
334,T334
335,T335
336,T336
337,T337
338,T338
339,T339
34,T34
340,T340
341,T341
342,T342
343,T343
344,T344
345,T345
35,T35
36,T36
37,T37
38,T38
39,T39
4,T4
40,T40
41,T41
42,T42
43,T43
44,T44
45,T45
46,T46
47,T47
48,T48
49,T49
5,T5
50,T50
51,T51
52,T52
53,T53
54,T54
55,T55
56,T56
57,T57
58,T58
59,T59
6,T6
60,T60
61,T61
62,T62
63,T63
64,T64
65,T65
66,T66
67,T67
68,T68
69,T69
7,T7
70,T70
71,T71
72,T72
73,T73
74,T74
75,T75
76,T76
77,T77
78,T78
79,T79
8,T8
80,T80
81,T81
82,T82
83,T83
84,T84
85,T85
86,T86
87,T87
88,T88
89,T89
9,T9
90,T90
91,T91
92,T92
93,T93
94,T94
95,T95
96,T96
97,T97
98,T98
99,T99
