molecule_id,position,branch,flex,h_acceptor,h_doner,pi_acceptor,pi_doner,polar,polarisable,sigma,size
1,1,0.1,0.1,0.1,0.1,0.1,0.1,0.1,0.1,0.1,0.1
2,1,0.1,0.1,0.1,0.1,0.1,0.1,0.1,0.1,0.1,0.1
3,1,0.1,0.1,0.1,0.1,0.1,0.1,0.1,0.1,0.1,0.1
4,1,0.1,0.1,0.1,0.1,0.1,0.1,0.1,0.1,0.1,0.1
5,1,0.1,0.1,0.1,0.1,0.1,0.1,0.1,0.1,0.1,0.1
6,1,0.1,0.1,0.1,0.1,0.1,0.1,0.1,0.1,0.1,0.1
7,1,0.1,0.1,0.1,0.1,0.1,0.1,0.1,0.1,0.1,0.1
8,1,0.1,0.1,0.1,0.1,0.1,0.1,0.1,0.1,0.1,0.1
9,1,0.1,0.1,0.1,0.1,0.1,0.1,0.1,0.1,0.1,0.1
10,1,0.1,0.1,0.1,0.1,0.1,0.1,0.1,0.1,0.1,0.1
11,1,0.1,0.1,0.1,0.1,0.1,0.1,0.1,0.1,0.1,0.1
12,1,0.1,0.1,0.1,0.1,0.1,0.1,0.1,0.1,0.1,0.1
13,1,0.1,0.1,0.1,0.1,0.1,0.1,0.1,0.1,0.1,0.1
14,1,0.1,0.1,0.1,0.1,0.1,0.1,0.1,0.1,0.1,0.1
15,1,0.1,0.1,0.1,0.1,0.1,0.1,0.1,0.1,0.1,0.1
16,1,0.1,0.1,0.1,0.1,0.1,0.1,0.1,0.1,0.1,0.1
17,1,0.1,0.1,0.1,0.1,0.1,0.1,0.26,0.1,0.1,0.1
18,1,0.1,0.1,0.1,0.1,0.1,0.1,0.26,0.1,0.1,0.1
19,1,0.1,0.1,0.1,0.1,0.1,0.1,0.26,0.1,0.1,0.1
20,1,0.1,0.1,0.1,0.1,0.1,0.1,0.26,0.1,0.1,0.1
21,1,0.1,0.1,0.1,0.1,0.1,0.1,0.26,0.1,0.1,0.1
22,1,0.1,0.1,0.1,0.1,0.1,0.1,0.26,0.1,0.1,0.1
23,1,0.1,0.1,0.1,0.1,0.1,0.1,0.26,0.1,0.1,0.1
24,1,0.1,0.1,0.1,0.1,0.1,0.1,0.26,0.1,0.1,0.1
25,1,0.1,0.1,0.1,0.1,0.1,0.1,0.26,0.1,0.1,0.1
26,1,0.1,0.1,0.1,0.1,0.1,0.1,0.26,0.1,0.1,0.1
27,1,0.1,0.1,0.1,0.1,0.1,0.1,0.26,0.1,0.1,0.1
28,1,0.1,0.1,0.1,0.1,0.1,0.1,0.26,0.1,0.1,0.1
29,1,0.1,0.1,0.1,0.1,0.1,0.1,0.26,0.1,0.1,0.1
30,1,0.1,0.1,0.1,0.1,0.1,0.1,0.26,0.1,0.1,0.1
31,1,0.1,0.1,0.1,0.1,0.1,0.1,0.26,0.1,0.1,0.1
32,1,0.1,0.1,0.1,0.1,0.1,0.1,0.26,0.1,0.1,0.1
33,1,0.1,0.1,0.1,0.1,0.1,0.1,0.26,0.1,0.1,0.1
34,1,0.1,0.1,0.1,0.1,0.1,0.1,0.26,0.1,0.1,0.1
35,1,0.1,0.1,0.1,0.1,0.1,0.1,0.26,0.1,0.1,0.1
36,1,0.1,0.1,0.1,0.1,0.1,0.1,0.26,0.1,0.1,0.1
37,1,0.1,0.1,0.1,0.1,0.1,0.1,0.26,0.1,0.1,0.1
38,1,0.1,0.1,0.1,0.1,0.1,0.1,0.26,0.1,0.1,0.1
39,1,0.1,0.1,0.1,0.1,0.1,0.1,0.26,0.1,0.1,0.1
40,1,0.1,0.1,0.1,0.1,0.1,0.1,0.26,0.1,0.1,0.1
41,1,0.1,0.1,0.1,0.1,0.1,0.1,0.26,0.1,0.1,0.1
42,1,0.1,0.1,0.1,0.1,0.1,0.1,0.26,0.1,0.1,0.1
43,1,0.1,0.1,0.1,0.1,0.1,0.1,0.26,0.1,0.1,0.1
44,1,0.1,0.1,0.1,0.1,0.1,0.1,0.26,0.1,0.1,0.1
45,1,0.1,0.1,0.1,0.1,0.1,0.1,0.26,0.1,0.1,0.1
46,1,0.1,0.1,0.1,0.1,0.1,0.1,0.26,0.1,0.1,0.1
47,1,0.1,0.1,0.1,0.1,0.1,0.1,0.26,0.1,0.1,0.1
48,1,0.1,0.1,0.1,0.1,0.1,0.1,0.26,0.1,0.1,0.1
49,1,0.1,0.1,0.1,0.1,0.1,0.1,0.26,0.1,0.1,0.1
50,1,0.1,0.1,0.1,0.1,0.1,0.1,0.26,0.1,0.1,0.1
51,1,0.1,0.1,0.1,0.1,0.1,0.1,0.26,0.1,0.1,0.1
52,1,0.1,0.1,0.1,0.1,0.1,0.1,0.26,0.1,0.1,0.1
53,1,0.1,0.1,0.1,0.1,0.1,0.1,0.26,0.1,0.1,0.1
54,1,0.1,0.1,0.1,0.1,0.1,0.1,0.26,0.1,0.1,0.1
55,1,0.1,0.1,0.1,0.1,0.1,0.1,0.26,0.1,0.1,0.1
56,1,0.1,0.1,0.1,0.1,0.1,0.1,0.26,0.1,0.1,0.1
57,1,0.1,0.1,0.1,0.1,0.1,0.1,0.26,0.1,0.1,0.1
58,1,0.1,0.1,0.1,0.1,0.1,0.1,0.26,0.1,0.1,0.1
59,1,0.1,0.1,0.1,0.1,0.1,0.1,0.26,0.1,0.1,0.1
60,1,0.1,0.1,0.1,0.1,0.1,0.1,0.26,0.1,0.1,0.1
61,1,0.1,0.1,0.1,0.1,0.1,0.1,0.26,0.1,0.1,0.1
62,1,0.1,0.1,0.1,0.1,0.1,0.1,0.26,0.1,0.1,0.1
63,1,0.1,0.1,0.1,0.1,0.1,0.1,0.26,0.1,0.1,0.1
64,1,0.1,0.1,0.1,0.1,0.1,0.1,0.26,0.1,0.1,0.1
65,1,0.1,0.1,0.1,0.1,0.1,0.1,0.26,0.1,0.1,0.1
66,1,0.1,0.1,0.1,0.1,0.1,0.1,0.26,0.1,0.1,0.1
67,1,0.1,0.1,0.1,0.1,0.1,0.1,0.26,0.1,0.1,0.1
68,1,0.1,0.1,0.1,0.1,0.1,0.1,0.26,0.1,0.1,0.1
69,1,0.1,0.1,0.1,0.1,0.1,0.1,0.26,0.1,0.1,0.1
70,1,0.1,0.1,0.1,0.1,0.1,0.1,0.26,0.1,0.1,0.1
71,1,0.1,0.1,0.1,0.1,0.1,0.1,0.26,0.1,0.1,0.1
72,1,0.1,0.1,0.1,0.1,0.1,0.1,0.26,0.1,0.1,0.1
73,1,0.1,0.1,0.1,0.1,0.1,0.1,0.26,0.5,0.1,0.233
74,1,0.1,0.367,0.1,0.1,0.1,0.1,0.26,0.5,0.1,0.367
75,1,0.1,0.367,0.1,0.1,0.1,0.1,0.26,0.5,0.1,0.367
76,1,0.1,0.367,0.1,0.1,0.1,0.1,0.26,0.5,0.1,0.367
77,1,0.1,0.367,0.1,0.1,0.1,0.1,0.26,0.5,0.1,0.367
78,1,0.5,0.5,0.367,0.1,0.1,0.1,0.26,0.5,0.1,0.5
79,1,0.9,0.367,0.367,0.1,0.1,0.1,0.26,0.5,0.1,0.633
80,1,0.1,0.633,0.1,0.1,0.1,0.1,0.26,0.5,0.1,0.633
81,1,0.1,0.633,0.1,0.1,0.1,0.1,0.26,0.5,0.1,0.633
82,1,0.1,0.633,0.1,0.1,0.1,0.1,0.26,0.5,0.1,0.633
83,1,0.1,0.633,0.1,0.1,0.1,0.1,0.26,0.5,0.1,0.633
84,1,0.1,0.633,0.1,0.1,0.1,0.1,0.26,0.5,0.1,0.633
85,1,0.1,0.633,0.1,0.1,0.1,0.1,0.26,0.5,0.1,0.633
86,1,0.1,0.633,0.1,0.1,0.1,0.1,0.26,0.5,0.1,0.633
87,1,0.1,0.633,0.1,0.1,0.1,0.1,0.26,0.5,0.1,0.633
88,1,0.5,0.767,0.367,0.1,0.1,0.1,0.26,0.5,0.1,0.767
89,1,0.1,0.9,0.367,0.1,0.1,0.1,0.26,0.5,0.1,0.9
90,1,0.1,0.1,0.367,0.1,0.1,0.1,0.42,0.9,0.367,0.233
91,1,0.1,0.1,0.367,0.1,0.1,0.1,0.42,0.5,0.367,0.367
92,1,0.9,0.1,0.367,0.5,0.1,0.5,0.42,0.5,0.367,0.367
93,1,0.9,0.1,0.367,0.5,0.1,0.5,0.42,0.5,0.367,0.367
94,1,0.1,0.367,0.367,0.1,0.1,0.1,0.42,0.5,0.1,0.367
95,1,0.5,0.233,0.367,0.5,0.1,0.5,0.42,0.5,0.367,0.5
96,1,0.5,0.233,0.367,0.5,0.1,0.5,0.42,0.5,0.367,0.5
97,1,0.5,0.367,0.367,0.5,0.1,0.5,0.42,0.5,0.367,0.5
98,1,0.5,0.367,0.633,0.5,0.1,0.5,0.42,0.5,0.367,0.5
99,1,0.5,0.367,0.633,0.5,0.1,0.5,0.42,0.5,0.367,0.5
100,1,0.1,0.5,0.633,0.1,0.1,0.1,0.42,0.5,0.367,0.5
101,1,0.1,0.5,0.633,0.1,0.1,0.1,0.42,0.5,0.367,0.5
102,1,0.1,0.5,0.633,0.1,0.1,0.1,0.42,0.5,0.367,0.5
103,1,0.1,0.5,0.633,0.1,0.1,0.1,0.42,0.5,0.367,0.5
104,1,0.1,0.633,0.633,0.1,0.1,0.1,0.42,0.5,0.367,0.5
105,1,0.1,0.633,0.633,0.1,0.1,0.1,0.42,0.5,0.367,0.5
106,1,0.1,0.633,0.633,0.1,0.1,0.1,0.42,0.5,0.367,0.5
107,1,0.1,0.633,0.633,0.1,0.1,0.1,0.42,0.5,0.367,0.5
108,1,0.5,0.233,0.633,0.1,0.1,0.1,0.42,0.1,0.367,0.633
109,1,0.5,0.233,0.633,0.9,0.1,0.9,0.42,0.5,0.367,0.633
110,1,0.5,0.233,0.633,0.9,0.1,0.9,0.42,0.5,0.367,0.633
111,1,0.5,0.233,0.633,0.9,0.1,0.9,0.42,0.5,0.367,0.633
112,1,0.5,0.233,0.633,0.9,0.1,0.9,0.42,0.5,0.367,0.633
113,1,0.5,0.233,0.633,0.9,0.1,0.9,0.42,0.5,0.367,0.633
114,1,0.5,0.233,0.633,0.9,0.1,0.9,0.42,0.5,0.367,0.633
115,1,0.5,0.5,0.367,0.5,0.1,0.5,0.42,0.5,0.1,0.633
116,1,0.1,0.633,0.367,0.1,0.1,0.1,0.42,0.5,0.367,0.633
117,1,0.1,0.767,0.633,0.1,0.1,0.1,0.42,0.5,0.367,0.633
118,1,0.1,0.767,0.633,0.1,0.1,0.1,0.42,0.5,0.367,0.633
119,1,0.9,0.233,0.9,0.5,0.1,0.5,0.42,0.5,0.1,0.767
120,1,0.9,0.367,0.367,0.1,0.1,0.1,0.42,0.5,0.1,0.767
121,1,0.9,0.367,0.9,0.1,0.1,0.1,0.42,0.1,0.367,0.767
122,1,0.9,0.5,0.633,0.5,0.1,0.5,0.42,0.5,0.1,0.767
123,1,0.1,0.9,0.633,0.1,0.1,0.1,0.42,0.5,0.367,0.767
124,1,0.5,0.233,0.633,0.1,0.1,0.1,0.42,0.1,0.367,0.9
125,1,0.5,0.1,0.1,0.1,0.5,0.1,0.58,0.1,0.9,0.233
126,1,0.1,0.1,0.1,0.1,0.1,0.1,0.58,0.5,0.9,0.233
127,1,0.1,0.1,0.1,0.1,0.1,0.1,0.58,0.5,0.9,0.233
128,1,0.1,0.1,0.1,0.1,0.1,0.1,0.58,0.5,0.9,0.233
129,1,0.1,0.1,0.1,0.1,0.1,0.1,0.58,0.5,0.9,0.233
130,1,0.1,0.1,0.1,0.1,0.1,0.1,0.58,0.5,0.9,0.233
131,1,0.1,0.1,0.1,0.1,0.1,0.1,0.58,0.5,0.9,0.233
132,1,0.1,0.1,0.1,0.1,0.1,0.1,0.58,0.5,0.9,0.233
133,1,0.1,0.1,0.1,0.1,0.1,0.1,0.58,0.5,0.9,0.233
134,1,0.1,0.1,0.1,0.1,0.1,0.1,0.58,0.5,0.9,0.233
135,1,0.1,0.1,0.1,0.1,0.1,0.1,0.58,0.5,0.9,0.233
136,1,0.1,0.1,0.1,0.1,0.1,0.1,0.58,0.5,0.9,0.233
137,1,0.1,0.1,0.1,0.1,0.1,0.1,0.58,0.5,0.9,0.233
138,1,0.1,0.1,0.1,0.1,0.1,0.1,0.58,0.5,0.9,0.233
139,1,0.1,0.1,0.1,0.1,0.1,0.1,0.58,0.5,0.9,0.233
140,1,0.1,0.1,0.1,0.1,0.1,0.1,0.58,0.5,0.9,0.233
141,1,0.1,0.1,0.1,0.1,0.1,0.1,0.58,0.5,0.9,0.233
142,1,0.1,0.1,0.1,0.1,0.1,0.1,0.58,0.5,0.9,0.233
143,1,0.1,0.1,0.1,0.1,0.1,0.1,0.58,0.5,0.9,0.233
144,1,0.1,0.1,0.1,0.1,0.1,0.1,0.58,0.5,0.9,0.233
145,1,0.1,0.1,0.1,0.1,0.1,0.1,0.58,0.5,0.9,0.233
146,1,0.1,0.1,0.1,0.1,0.1,0.1,0.58,0.5,0.9,0.233
147,1,0.1,0.1,0.1,0.1,0.1,0.1,0.58,0.5,0.9,0.233
148,1,0.1,0.1,0.1,0.1,0.1,0.1,0.58,0.5,0.9,0.233
149,1,0.1,0.1,0.1,0.1,0.1,0.1,0.58,0.5,0.9,0.233
150,1,0.1,0.1,0.1,0.1,0.1,0.1,0.58,0.5,0.9,0.233
151,1,0.1,0.1,0.1,0.1,0.1,0.1,0.58,0.5,0.9,0.233
152,1,0.1,0.1,0.1,0.1,0.1,0.1,0.58,0.5,0.9,0.233
153,1,0.1,0.1,0.1,0.1,0.1,0.1,0.58,0.5,0.9,0.233
154,1,0.1,0.1,0.1,0.1,0.1,0.1,0.58,0.5,0.9,0.233
155,1,0.1,0.1,0.1,0.1,0.1,0.1,0.58,0.5,0.9,0.233
156,1,0.1,0.1,0.1,0.1,0.1,0.1,0.58,0.5,0.9,0.233
157,1,0.1,0.1,0.1,0.1,0.1,0.1,0.58,0.5,0.9,0.233
158,1,0.1,0.1,0.1,0.1,0.1,0.1,0.58,0.5,0.9,0.233
159,1,0.1,0.1,0.1,0.1,0.1,0.1,0.58,0.5,0.9,0.233
160,1,0.1,0.1,0.1,0.1,0.1,0.1,0.58,0.5,0.9,0.233
161,1,0.1,0.1,0.1,0.1,0.1,0.1,0.58,0.5,0.9,0.233
162,1,0.1,0.1,0.1,0.1,0.1,0.1,0.58,0.5,0.9,0.233
163,1,0.1,0.1,0.1,0.1,0.1,0.1,0.58,0.5,0.9,0.233
164,1,0.1,0.1,0.1,0.1,0.1,0.1,0.58,0.5,0.9,0.233
165,1,0.1,0.1,0.1,0.1,0.1,0.1,0.58,0.5,0.9,0.233
166,1,0.1,0.1,0.1,0.1,0.1,0.1,0.58,0.5,0.9,0.233
167,1,0.1,0.1,0.1,0.1,0.1,0.1,0.58,0.5,0.9,0.233
168,1,0.1,0.1,0.1,0.1,0.1,0.1,0.58,0.5,0.9,0.233
169,1,0.1,0.1,0.1,0.1,0.1,0.1,0.58,0.5,0.9,0.233
170,1,0.1,0.1,0.1,0.1,0.1,0.1,0.58,0.5,0.9,0.233
171,1,0.1,0.1,0.1,0.1,0.1,0.1,0.58,0.5,0.9,0.233
172,1,0.1,0.1,0.1,0.1,0.1,0.1,0.58,0.5,0.9,0.233
173,1,0.1,0.1,0.1,0.1,0.1,0.1,0.58,0.5,0.9,0.233
174,1,0.1,0.1,0.1,0.1,0.1,0.1,0.58,0.5,0.9,0.233
175,1,0.1,0.1,0.1,0.1,0.1,0.1,0.58,0.5,0.9,0.233
176,1,0.1,0.1,0.1,0.1,0.1,0.1,0.58,0.5,0.9,0.233
177,1,0.1,0.1,0.1,0.1,0.1,0.1,0.58,0.5,0.9,0.233
178,1,0.1,0.1,0.1,0.1,0.1,0.1,0.58,0.5,0.9,0.233
179,1,0.1,0.1,0.1,0.1,0.1,0.1,0.58,0.5,0.9,0.233
180,1,0.1,0.1,0.1,0.1,0.1,0.1,0.58,0.5,0.9,0.233
181,1,0.1,0.1,0.1,0.1,0.1,0.1,0.58,0.5,0.9,0.233
182,1,0.1,0.1,0.1,0.1,0.1,0.1,0.58,0.9,0.633,0.233
183,1,0.5,0.233,0.367,0.1,0.5,0.1,0.58,0.5,0.1,0.367
184,1,0.5,0.233,0.367,0.5,0.5,0.5,0.58,0.5,0.1,0.367
185,1,0.9,0.1,0.1,0.1,0.5,0.1,0.74,0.9,0.633,0.367
186,1,0.5,0.1,0.1,0.1,0.9,0.1,0.9,0.1,0.9,0.367
1,2,0.1,0.1,0.1,0.1,0.1,0.1,0.1,0.1,0.1,0.1
2,2,0.1,0.1,0.1,0.1,0.1,0.1,0.1,0.1,0.1,0.1
3,2,0.1,0.1,0.1,0.1,0.1,0.1,0.1,0.1,0.1,0.1
4,2,0.1,0.1,0.1,0.1,0.1,0.1,0.1,0.1,0.1,0.1
5,2,0.1,0.1,0.1,0.1,0.1,0.1,0.1,0.1,0.1,0.1
6,2,0.1,0.1,0.1,0.1,0.1,0.1,0.1,0.1,0.1,0.1
7,2,0.1,0.1,0.1,0.1,0.1,0.1,0.1,0.1,0.1,0.1
8,2,0.1,0.1,0.1,0.1,0.1,0.1,0.1,0.1,0.1,0.1
9,2,0.1,0.1,0.1,0.1,0.1,0.1,0.1,0.1,0.1,0.1
10,2,0.1,0.1,0.1,0.1,0.1,0.1,0.1,0.1,0.1,0.1
11,2,0.1,0.1,0.1,0.1,0.1,0.1,0.1,0.1,0.1,0.1
12,2,0.1,0.1,0.1,0.1,0.1,0.1,0.1,0.1,0.1,0.1
13,2,0.1,0.1,0.1,0.1,0.1,0.1,0.1,0.1,0.1,0.1
14,2,0.1,0.1,0.1,0.1,0.1,0.1,0.1,0.1,0.1,0.1
15,2,0.1,0.1,0.1,0.1,0.1,0.1,0.1,0.1,0.1,0.1
16,2,0.1,0.1,0.1,0.1,0.1,0.1,0.1,0.1,0.1,0.1
17,2,0.1,0.1,0.1,0.1,0.1,0.1,0.1,0.1,0.1,0.1
18,2,0.1,0.1,0.1,0.1,0.1,0.1,0.1,0.1,0.1,0.1
19,2,0.1,0.1,0.1,0.1,0.1,0.1,0.1,0.1,0.1,0.1
20,2,0.1,0.1,0.1,0.1,0.1,0.1,0.1,0.1,0.1,0.1
21,2,0.1,0.1,0.1,0.1,0.1,0.1,0.1,0.1,0.1,0.1
22,2,0.1,0.1,0.1,0.1,0.1,0.1,0.1,0.1,0.1,0.1
23,2,0.1,0.1,0.1,0.1,0.1,0.1,0.1,0.1,0.1,0.1
24,2,0.1,0.1,0.1,0.1,0.1,0.1,0.1,0.1,0.1,0.1
25,2,0.1,0.1,0.1,0.1,0.1,0.1,0.1,0.1,0.1,0.1
26,2,0.1,0.1,0.1,0.1,0.1,0.1,0.1,0.1,0.1,0.1
27,2,0.1,0.1,0.1,0.1,0.1,0.1,0.1,0.1,0.1,0.1
28,2,0.1,0.1,0.1,0.1,0.1,0.1,0.1,0.1,0.1,0.1
29,2,0.1,0.1,0.1,0.1,0.1,0.1,0.1,0.1,0.1,0.1
30,2,0.1,0.1,0.1,0.1,0.1,0.1,0.1,0.1,0.1,0.1
31,2,0.1,0.1,0.1,0.1,0.1,0.1,0.1,0.1,0.1,0.1
32,2,0.1,0.1,0.1,0.1,0.1,0.1,0.1,0.1,0.1,0.1
33,2,0.1,0.1,0.1,0.1,0.1,0.1,0.1,0.1,0.1,0.1
34,2,0.1,0.1,0.1,0.1,0.1,0.1,0.1,0.1,0.1,0.1
35,2,0.1,0.1,0.1,0.1,0.1,0.1,0.1,0.1,0.1,0.1
36,2,0.1,0.1,0.1,0.1,0.1,0.1,0.1,0.1,0.1,0.1
37,2,0.1,0.1,0.1,0.1,0.1,0.1,0.1,0.1,0.1,0.1
38,2,0.1,0.1,0.1,0.1,0.1,0.1,0.1,0.1,0.1,0.1
39,2,0.1,0.1,0.1,0.1,0.1,0.1,0.1,0.1,0.1,0.1
40,2,0.1,0.1,0.1,0.1,0.1,0.1,0.1,0.1,0.1,0.1
41,2,0.1,0.1,0.1,0.1,0.1,0.1,0.1,0.1,0.1,0.1
42,2,0.1,0.1,0.1,0.1,0.1,0.1,0.1,0.1,0.1,0.1
43,2,0.1,0.1,0.1,0.1,0.1,0.1,0.1,0.1,0.1,0.1
44,2,0.1,0.1,0.1,0.1,0.1,0.1,0.1,0.1,0.1,0.1
45,2,0.1,0.1,0.1,0.1,0.1,0.1,0.1,0.1,0.1,0.1
46,2,0.1,0.1,0.1,0.1,0.1,0.1,0.1,0.1,0.1,0.1
47,2,0.1,0.1,0.1,0.1,0.1,0.1,0.1,0.1,0.1,0.1
48,2,0.1,0.1,0.1,0.1,0.1,0.1,0.1,0.1,0.1,0.1
49,2,0.1,0.1,0.1,0.1,0.1,0.1,0.1,0.1,0.1,0.1
50,2,0.1,0.1,0.1,0.1,0.1,0.1,0.1,0.1,0.1,0.1
51,2,0.1,0.1,0.1,0.1,0.1,0.1,0.1,0.1,0.1,0.1
52,2,0.1,0.1,0.1,0.1,0.1,0.1,0.1,0.1,0.1,0.1
53,2,0.1,0.1,0.1,0.1,0.1,0.1,0.1,0.1,0.1,0.1
54,2,0.1,0.1,0.1,0.1,0.1,0.1,0.1,0.1,0.1,0.1
55,2,0.1,0.1,0.1,0.1,0.1,0.1,0.1,0.1,0.1,0.1
56,2,0.1,0.1,0.1,0.1,0.1,0.1,0.1,0.1,0.1,0.1
57,2,0.1,0.1,0.1,0.1,0.1,0.1,0.1,0.1,0.1,0.1
58,2,0.1,0.1,0.1,0.1,0.1,0.1,0.1,0.1,0.1,0.1
59,2,0.1,0.1,0.1,0.1,0.1,0.1,0.1,0.1,0.1,0.1
60,2,0.1,0.1,0.1,0.1,0.1,0.1,0.1,0.1,0.1,0.1
61,2,0.1,0.1,0.1,0.1,0.1,0.1,0.1,0.1,0.1,0.1
62,2,0.1,0.1,0.1,0.1,0.1,0.1,0.1,0.1,0.1,0.1
63,2,0.1,0.1,0.1,0.1,0.1,0.1,0.1,0.1,0.1,0.1
64,2,0.1,0.1,0.1,0.1,0.1,0.1,0.1,0.1,0.1,0.1
65,2,0.1,0.1,0.1,0.1,0.1,0.1,0.1,0.1,0.1,0.1
66,2,0.1,0.1,0.1,0.1,0.1,0.1,0.1,0.1,0.1,0.1
67,2,0.1,0.1,0.1,0.1,0.1,0.1,0.1,0.1,0.1,0.1
68,2,0.1,0.1,0.1,0.1,0.1,0.1,0.1,0.1,0.1,0.1
69,2,0.1,0.1,0.1,0.1,0.1,0.1,0.1,0.1,0.1,0.1
70,2,0.1,0.1,0.1,0.1,0.1,0.1,0.1,0.1,0.1,0.1
71,2,0.1,0.1,0.1,0.1,0.1,0.1,0.1,0.1,0.1,0.1
72,2,0.1,0.1,0.1,0.1,0.1,0.1,0.26,0.1,0.1,0.1
73,2,0.1,0.1,0.1,0.1,0.1,0.1,0.26,0.1,0.1,0.1
74,2,0.1,0.1,0.1,0.1,0.1,0.1,0.26,0.1,0.1,0.1
75,2,0.1,0.1,0.1,0.1,0.1,0.1,0.26,0.1,0.1,0.1
76,2,0.1,0.1,0.1,0.1,0.1,0.1,0.26,0.1,0.1,0.1
77,2,0.1,0.1,0.1,0.1,0.1,0.1,0.26,0.1,0.1,0.1
78,2,0.1,0.1,0.1,0.1,0.1,0.1,0.1,0.1,0.1,0.1
79,2,0.1,0.1,0.1,0.1,0.1,0.1,0.1,0.1,0.1,0.1
80,2,0.1,0.1,0.1,0.1,0.1,0.1,0.26,0.1,0.1,0.1
81,2,0.1,0.1,0.1,0.1,0.1,0.1,0.26,0.1,0.1,0.1
82,2,0.1,0.1,0.1,0.1,0.1,0.1,0.26,0.1,0.1,0.1
83,2,0.1,0.1,0.1,0.1,0.1,0.1,0.26,0.1,0.1,0.1
84,2,0.5,0.9,0.9,0.9,0.1,0.9,0.42,0.5,0.367,0.9
85,2,0.1,0.1,0.1,0.1,0.1,0.1,0.58,0.5,0.9,0.367
86,2,0.9,0.1,0.1,0.1,0.5,0.1,0.74,0.9,0.633,0.633
87,2,0.9,0.1,0.1,0.1,0.5,0.1,0.74,0.9,0.633,0.633
88,2,0.1,0.1,0.1,0.1,0.1,0.1,0.1,0.1,0.1,0.1
89,2,0.1,0.1,0.1,0.1,0.1,0.1,0.26,0.1,0.1,0.1
90,2,0.1,0.1,0.1,0.1,0.1,0.1,0.26,0.1,0.1,0.1
91,2,0.1,0.1,0.1,0.1,0.1,0.1,0.1,0.1,0.1,0.1
92,2,0.1,0.1,0.1,0.1,0.1,0.1,0.26,0.1,0.1,0.1
93,2,0.9,0.1,0.1,0.1,0.5,0.1,0.74,0.9,0.633,0.633
94,2,0.5,0.9,0.9,0.9,0.1,0.9,0.42,0.5,0.367,0.9
95,2,0.1,0.1,0.1,0.1,0.1,0.1,0.1,0.1,0.1,0.1
96,2,0.1,0.1,0.1,0.1,0.1,0.1,0.26,0.1,0.1,0.1
97,2,0.1,0.1,0.1,0.1,0.1,0.1,0.26,0.1,0.1,0.1
98,2,0.1,0.1,0.1,0.1,0.1,0.1,0.26,0.1,0.1,0.1
99,2,0.1,0.1,0.1,0.1,0.1,0.1,0.26,0.1,0.1,0.1
100,2,0.1,0.1,0.1,0.1,0.1,0.1,0.26,0.1,0.1,0.1
101,2,0.1,0.1,0.1,0.1,0.1,0.1,0.26,0.1,0.1,0.1
102,2,0.1,0.1,0.1,0.1,0.1,0.1,0.26,0.1,0.1,0.1
103,2,0.5,0.9,0.9,0.9,0.1,0.9,0.42,0.5,0.367,0.9
104,2,0.1,0.1,0.1,0.1,0.1,0.1,0.26,0.1,0.1,0.1
105,2,0.1,0.1,0.1,0.1,0.1,0.1,0.26,0.1,0.1,0.1
106,2,0.1,0.1,0.1,0.1,0.1,0.1,0.26,0.1,0.1,0.1
107,2,0.5,0.9,0.9,0.9,0.1,0.9,0.42,0.5,0.367,0.9
108,2,0.1,0.1,0.1,0.1,0.1,0.1,0.1,0.1,0.1,0.1
109,2,0.1,0.1,0.1,0.1,0.1,0.1,0.26,0.1,0.1,0.1
110,2,0.1,0.1,0.9,0.1,0.1,0.1,0.42,0.5,0.367,0.633
111,2,0.1,0.1,0.1,0.1,0.1,0.1,0.58,0.5,0.9,0.367
112,2,0.1,0.1,0.9,0.1,0.9,0.1,0.74,0.9,0.1,0.367
113,2,0.9,0.1,0.1,0.1,0.5,0.1,0.74,0.9,0.633,0.633
114,2,0.5,0.1,0.1,0.1,0.9,0.1,0.9,0.1,0.9,0.633
115,2,0.1,0.1,0.1,0.1,0.1,0.1,0.1,0.1,0.1,0.1
116,2,0.1,0.1,0.1,0.1,0.1,0.1,0.26,0.1,0.1,0.1
117,2,0.1,0.1,0.1,0.1,0.1,0.1,0.26,0.1,0.1,0.1
118,2,0.1,0.1,0.1,0.1,0.1,0.1,0.26,0.1,0.1,0.1
119,2,0.1,0.1,0.1,0.1,0.1,0.1,0.1,0.1,0.1,0.1
120,2,0.1,0.1,0.1,0.1,0.1,0.1,0.26,0.1,0.1,0.1
121,2,0.1,0.1,0.1,0.1,0.1,0.1,0.1,0.1,0.1,0.1
122,2,0.1,0.1,0.1,0.1,0.1,0.1,0.1,0.1,0.1,0.1
123,2,0.1,0.1,0.1,0.1,0.1,0.1,0.26,0.1,0.1,0.1
124,2,0.1,0.1,0.1,0.1,0.1,0.1,0.1,0.1,0.1,0.1
125,2,0.1,0.1,0.1,0.1,0.1,0.1,0.1,0.1,0.1,0.1
126,2,0.1,0.1,0.1,0.1,0.1,0.1,0.1,0.1,0.1,0.1
127,2,0.1,0.1,0.1,0.1,0.1,0.1,0.1,0.1,0.1,0.1
128,2,0.1,0.1,0.1,0.1,0.1,0.1,0.1,0.1,0.1,0.1
129,2,0.1,0.1,0.1,0.1,0.1,0.1,0.1,0.1,0.1,0.1
130,2,0.1,0.1,0.1,0.1,0.1,0.1,0.1,0.1,0.1,0.1
131,2,0.1,0.1,0.1,0.1,0.1,0.1,0.1,0.1,0.1,0.1
132,2,0.1,0.1,0.1,0.1,0.1,0.1,0.1,0.1,0.1,0.1
133,2,0.1,0.1,0.1,0.1,0.1,0.1,0.1,0.1,0.1,0.1
134,2,0.1,0.1,0.1,0.1,0.1,0.1,0.1,0.1,0.1,0.1
135,2,0.1,0.1,0.1,0.1,0.1,0.1,0.1,0.1,0.1,0.1
136,2,0.1,0.1,0.1,0.1,0.1,0.1,0.1,0.1,0.1,0.1
137,2,0.1,0.1,0.1,0.1,0.1,0.1,0.1,0.1,0.1,0.1
138,2,0.1,0.1,0.1,0.1,0.1,0.1,0.1,0.1,0.1,0.1
139,2,0.1,0.1,0.1,0.1,0.1,0.1,0.1,0.1,0.1,0.1
140,2,0.1,0.1,0.1,0.1,0.1,0.1,0.1,0.1,0.1,0.1
141,2,0.1,0.1,0.1,0.1,0.1,0.1,0.1,0.1,0.1,0.1
142,2,0.1,0.1,0.1,0.1,0.1,0.1,0.1,0.1,0.1,0.1
143,2,0.1,0.1,0.1,0.1,0.1,0.1,0.1,0.1,0.1,0.1
144,2,0.1,0.1,0.1,0.1,0.1,0.1,0.1,0.1,0.1,0.1
145,2,0.1,0.1,0.1,0.1,0.1,0.1,0.1,0.1,0.1,0.1
146,2,0.1,0.1,0.1,0.1,0.1,0.1,0.1,0.1,0.1,0.1
147,2,0.1,0.1,0.1,0.1,0.1,0.1,0.1,0.1,0.1,0.1
148,2,0.1,0.1,0.1,0.1,0.1,0.1,0.1,0.1,0.1,0.1
149,2,0.1,0.1,0.1,0.1,0.1,0.1,0.1,0.1,0.1,0.1
150,2,0.1,0.1,0.1,0.1,0.1,0.1,0.1,0.1,0.1,0.1
151,2,0.1,0.1,0.1,0.1,0.1,0.1,0.1,0.1,0.1,0.1
152,2,0.1,0.1,0.1,0.1,0.1,0.1,0.1,0.1,0.1,0.1
153,2,0.1,0.1,0.1,0.1,0.1,0.1,0.1,0.1,0.1,0.1
154,2,0.1,0.1,0.1,0.1,0.1,0.1,0.1,0.1,0.1,0.1
155,2,0.1,0.1,0.1,0.1,0.1,0.1,0.1,0.1,0.1,0.1
156,2,0.1,0.1,0.1,0.1,0.1,0.1,0.1,0.1,0.1,0.1
157,2,0.1,0.1,0.1,0.1,0.1,0.1,0.1,0.1,0.1,0.1
158,2,0.1,0.1,0.1,0.1,0.1,0.1,0.1,0.1,0.1,0.1
159,2,0.1,0.1,0.1,0.1,0.1,0.1,0.1,0.1,0.1,0.1
160,2,0.1,0.1,0.1,0.1,0.1,0.1,0.1,0.1,0.1,0.1
161,2,0.1,0.1,0.1,0.1,0.1,0.1,0.1,0.1,0.1,0.1
162,2,0.1,0.1,0.1,0.1,0.1,0.1,0.1,0.1,0.1,0.1
163,2,0.1,0.1,0.1,0.1,0.1,0.1,0.1,0.1,0.1,0.1
164,2,0.1,0.1,0.1,0.1,0.1,0.1,0.1,0.1,0.1,0.1
165,2,0.1,0.1,0.1,0.1,0.1,0.1,0.1,0.1,0.1,0.1
166,2,0.1,0.1,0.1,0.1,0.1,0.1,0.1,0.1,0.1,0.1
167,2,0.1,0.1,0.1,0.1,0.1,0.1,0.1,0.1,0.1,0.1
168,2,0.1,0.1,0.1,0.1,0.1,0.1,0.1,0.1,0.1,0.1
169,2,0.1,0.1,0.1,0.1,0.1,0.1,0.1,0.1,0.1,0.1
170,2,0.1,0.1,0.1,0.1,0.1,0.1,0.1,0.1,0.1,0.1
171,2,0.1,0.1,0.1,0.1,0.1,0.1,0.1,0.1,0.1,0.1
172,2,0.1,0.1,0.1,0.1,0.1,0.1,0.1,0.1,0.1,0.1
173,2,0.1,0.1,0.1,0.1,0.1,0.1,0.1,0.1,0.1,0.1
174,2,0.1,0.1,0.1,0.1,0.1,0.1,0.1,0.1,0.1,0.1
175,2,0.1,0.1,0.1,0.1,0.1,0.1,0.1,0.1,0.1,0.1
176,2,0.1,0.1,0.1,0.1,0.1,0.1,0.1,0.1,0.1,0.1
177,2,0.1,0.1,0.1,0.1,0.1,0.1,0.1,0.1,0.1,0.1
178,2,0.1,0.1,0.1,0.1,0.1,0.1,0.1,0.1,0.1,0.1
179,2,0.1,0.1,0.1,0.1,0.1,0.1,0.1,0.1,0.1,0.1
180,2,0.1,0.1,0.1,0.1,0.1,0.1,0.1,0.1,0.1,0.1
181,2,0.1,0.1,0.1,0.1,0.1,0.1,0.1,0.1,0.1,0.1
182,2,0.1,0.1,0.1,0.1,0.1,0.1,0.1,0.1,0.1,0.1
183,2,0.1,0.1,0.1,0.1,0.1,0.1,0.1,0.1,0.1,0.1
184,2,0.9,0.1,0.9,0.1,0.5,0.1,0.58,0.5,0.1,0.9
185,2,0.1,0.1,0.1,0.1,0.1,0.1,0.1,0.1,0.1,0.1
186,2,0.1,0.1,0.1,0.1,0.1,0.1,0.1,0.1,0.1,0.1
1,3,0.1,0.1,0.1,0.1,0.1,0.1,0.1,0.1,0.1,0.1
2,3,0.1,0.1,0.1,0.1,0.1,0.1,0.1,0.1,0.1,0.1
3,3,0.1,0.1,0.1,0.1,0.1,0.1,0.1,0.1,0.1,0.1
4,3,0.1,0.1,0.1,0.1,0.1,0.1,0.1,0.1,0.1,0.1
5,3,0.1,0.1,0.1,0.1,0.1,0.1,0.1,0.1,0.1,0.1
6,3,0.1,0.1,0.1,0.1,0.1,0.1,0.1,0.1,0.1,0.1
7,3,0.1,0.1,0.1,0.1,0.1,0.1,0.1,0.1,0.1,0.1
8,3,0.1,0.1,0.1,0.1,0.1,0.1,0.1,0.1,0.1,0.1
9,3,0.1,0.1,0.1,0.1,0.1,0.1,0.1,0.1,0.1,0.1
10,3,0.1,0.1,0.1,0.1,0.1,0.1,0.1,0.1,0.1,0.1
11,3,0.1,0.1,0.1,0.1,0.1,0.1,0.1,0.1,0.1,0.1
12,3,0.1,0.1,0.1,0.1,0.1,0.1,0.1,0.1,0.1,0.1
13,3,0.1,0.1,0.1,0.1,0.1,0.1,0.1,0.1,0.1,0.1
14,3,0.1,0.1,0.1,0.1,0.1,0.1,0.1,0.1,0.1,0.1
15,3,0.1,0.1,0.1,0.1,0.1,0.1,0.1,0.1,0.1,0.1
16,3,0.1,0.1,0.1,0.1,0.1,0.1,0.1,0.1,0.1,0.1
17,3,0.1,0.1,0.1,0.1,0.1,0.1,0.1,0.1,0.1,0.1
18,3,0.1,0.1,0.1,0.1,0.1,0.1,0.1,0.1,0.1,0.1
19,3,0.1,0.1,0.1,0.1,0.1,0.1,0.1,0.1,0.1,0.1
20,3,0.1,0.1,0.1,0.1,0.1,0.1,0.1,0.1,0.1,0.1
21,3,0.1,0.1,0.1,0.1,0.1,0.1,0.1,0.1,0.1,0.1
22,3,0.1,0.1,0.1,0.1,0.1,0.1,0.1,0.1,0.1,0.1
23,3,0.1,0.1,0.1,0.1,0.1,0.1,0.1,0.1,0.1,0.1
24,3,0.1,0.1,0.1,0.1,0.1,0.1,0.1,0.1,0.1,0.1
25,3,0.1,0.1,0.1,0.1,0.1,0.1,0.1,0.1,0.1,0.1
26,3,0.1,0.1,0.1,0.1,0.1,0.1,0.1,0.1,0.1,0.1
27,3,0.1,0.1,0.1,0.1,0.1,0.1,0.1,0.1,0.1,0.1
28,3,0.1,0.1,0.1,0.1,0.1,0.1,0.1,0.1,0.1,0.1
29,3,0.1,0.1,0.1,0.1,0.1,0.1,0.1,0.1,0.1,0.1
30,3,0.1,0.1,0.1,0.1,0.1,0.1,0.1,0.1,0.1,0.1
31,3,0.1,0.1,0.1,0.1,0.1,0.1,0.1,0.1,0.1,0.1
32,3,0.1,0.1,0.1,0.1,0.1,0.1,0.1,0.1,0.1,0.1
33,3,0.1,0.1,0.1,0.1,0.1,0.1,0.1,0.1,0.1,0.1
34,3,0.1,0.1,0.1,0.1,0.1,0.1,0.1,0.1,0.1,0.1
35,3,0.1,0.1,0.1,0.1,0.1,0.1,0.1,0.1,0.1,0.1
36,3,0.1,0.1,0.1,0.1,0.1,0.1,0.1,0.1,0.1,0.1
37,3,0.1,0.1,0.1,0.1,0.1,0.1,0.1,0.1,0.1,0.1
38,3,0.1,0.1,0.1,0.1,0.1,0.1,0.1,0.1,0.1,0.1
39,3,0.1,0.1,0.1,0.1,0.1,0.1,0.1,0.1,0.1,0.1
40,3,0.1,0.1,0.1,0.1,0.1,0.1,0.1,0.1,0.1,0.1
41,3,0.1,0.1,0.1,0.1,0.1,0.1,0.1,0.1,0.1,0.1
42,3,0.1,0.1,0.1,0.1,0.1,0.1,0.1,0.1,0.1,0.1
43,3,0.1,0.1,0.1,0.1,0.1,0.1,0.1,0.1,0.1,0.1
44,3,0.1,0.1,0.1,0.1,0.1,0.1,0.1,0.1,0.1,0.1
45,3,0.1,0.1,0.1,0.1,0.1,0.1,0.1,0.1,0.1,0.1
46,3,0.1,0.1,0.1,0.1,0.1,0.1,0.1,0.1,0.1,0.1
47,3,0.1,0.1,0.1,0.1,0.1,0.1,0.1,0.1,0.1,0.1
48,3,0.1,0.1,0.1,0.1,0.1,0.1,0.1,0.1,0.1,0.1
49,3,0.1,0.1,0.1,0.1,0.1,0.1,0.1,0.1,0.1,0.1
50,3,0.1,0.1,0.1,0.1,0.1,0.1,0.1,0.1,0.1,0.1
51,3,0.1,0.1,0.1,0.1,0.1,0.1,0.1,0.1,0.1,0.1
52,3,0.1,0.1,0.1,0.1,0.1,0.1,0.1,0.1,0.1,0.1
53,3,0.1,0.1,0.1,0.1,0.1,0.1,0.1,0.1,0.1,0.1
54,3,0.1,0.1,0.1,0.1,0.1,0.1,0.1,0.1,0.1,0.1
55,3,0.1,0.1,0.1,0.1,0.1,0.1,0.1,0.1,0.1,0.1
56,3,0.1,0.1,0.1,0.1,0.1,0.1,0.1,0.1,0.1,0.1
57,3,0.1,0.1,0.1,0.1,0.1,0.1,0.1,0.1,0.1,0.1
58,3,0.1,0.1,0.1,0.1,0.1,0.1,0.1,0.1,0.1,0.1
59,3,0.1,0.1,0.1,0.1,0.1,0.1,0.1,0.1,0.1,0.1
60,3,0.1,0.1,0.1,0.1,0.1,0.1,0.1,0.1,0.1,0.1
61,3,0.1,0.1,0.1,0.1,0.1,0.1,0.1,0.1,0.1,0.1
62,3,0.1,0.1,0.1,0.1,0.1,0.1,0.1,0.1,0.1,0.1
63,3,0.1,0.1,0.1,0.1,0.1,0.1,0.1,0.1,0.1,0.1
64,3,0.1,0.1,0.1,0.1,0.1,0.1,0.1,0.1,0.1,0.1
65,3,0.1,0.1,0.1,0.1,0.1,0.1,0.1,0.1,0.1,0.1
66,3,0.1,0.1,0.1,0.1,0.1,0.1,0.1,0.1,0.1,0.1
67,3,0.1,0.1,0.1,0.1,0.1,0.1,0.1,0.1,0.1,0.1
68,3,0.1,0.1,0.1,0.1,0.1,0.1,0.1,0.1,0.1,0.1
69,3,0.1,0.1,0.1,0.1,0.1,0.1,0.1,0.1,0.1,0.1
70,3,0.1,0.1,0.1,0.1,0.1,0.1,0.1,0.1,0.1,0.1
71,3,0.1,0.1,0.1,0.1,0.1,0.1,0.1,0.1,0.1,0.1
72,3,0.1,0.1,0.1,0.1,0.1,0.1,0.3,0.1,0.1,0.1
73,3,0.1,0.1,0.1,0.1,0.1,0.1,0.3,0.1,0.1,0.1
74,3,0.1,0.1,0.1,0.1,0.1,0.1,0.3,0.1,0.1,0.1
75,3,0.5,0.9,0.9,0.9,0.1,0.9,0.5,0.5,0.367,0.9
76,3,0.9,0.1,0.1,0.1,0.9,0.1,0.9,0.9,0.633,0.633
77,3,0.9,0.1,0.1,0.1,0.9,0.1,0.9,0.9,0.633,0.633
78,3,0.1,0.1,0.1,0.1,0.1,0.1,0.1,0.1,0.1,0.1
79,3,0.1,0.1,0.1,0.1,0.1,0.1,0.1,0.1,0.1,0.1
80,3,0.1,0.1,0.1,0.1,0.1,0.1,0.3,0.1,0.1,0.1
81,3,0.5,0.9,0.9,0.9,0.1,0.9,0.5,0.5,0.367,0.9
82,3,0.9,0.1,0.1,0.1,0.9,0.1,0.9,0.9,0.633,0.633
83,3,0.9,0.1,0.1,0.1,0.9,0.1,0.9,0.9,0.633,0.633
84,3,0.1,0.1,0.1,0.1,0.1,0.1,0.3,0.1,0.1,0.1
85,3,0.9,0.1,0.1,0.1,0.9,0.1,0.9,0.9,0.633,0.633
86,3,0.1,0.1,0.1,0.1,0.1,0.1,0.3,0.1,0.1,0.1
87,3,0.1,0.1,0.1,0.1,0.1,0.1,0.7,0.5,0.9,0.367
88,3,0.1,0.1,0.1,0.1,0.1,0.1,0.1,0.1,0.1,0.1
89,3,0.1,0.1,0.1,0.1,0.1,0.1,0.3,0.1,0.1,0.1
90,3,0.5,0.9,0.9,0.9,0.1,0.9,0.5,0.5,0.367,0.9
91,3,0.1,0.1,0.1,0.1,0.1,0.1,0.1,0.1,0.1,0.1
92,3,0.9,0.1,0.1,0.1,0.9,0.1,0.9,0.9,0.633,0.633
93,3,0.1,0.1,0.1,0.1,0.1,0.1,0.3,0.1,0.1,0.1
94,3,0.1,0.1,0.1,0.1,0.1,0.1,0.3,0.1,0.1,0.1
95,3,0.1,0.1,0.1,0.1,0.1,0.1,0.1,0.1,0.1,0.1
96,3,0.9,0.1,0.1,0.1,0.9,0.1,0.9,0.9,0.633,0.633
97,3,0.9,0.1,0.1,0.1,0.9,0.1,0.9,0.9,0.633,0.633
98,3,0.1,0.1,0.1,0.1,0.1,0.1,0.3,0.1,0.1,0.1
99,3,0.9,0.1,0.1,0.1,0.9,0.1,0.9,0.9,0.633,0.633
100,3,0.5,0.9,0.9,0.9,0.1,0.9,0.5,0.5,0.367,0.9
101,3,0.9,0.1,0.1,0.1,0.9,0.1,0.9,0.9,0.633,0.633
102,3,0.9,0.1,0.1,0.1,0.9,0.1,0.9,0.9,0.633,0.633
103,3,0.1,0.1,0.1,0.1,0.1,0.1,0.3,0.1,0.1,0.1
104,3,0.5,0.9,0.9,0.9,0.1,0.9,0.5,0.5,0.367,0.9
105,3,0.9,0.1,0.1,0.1,0.9,0.1,0.9,0.9,0.633,0.633
106,3,0.9,0.1,0.1,0.1,0.9,0.1,0.9,0.9,0.633,0.633
107,3,0.1,0.1,0.1,0.1,0.1,0.1,0.3,0.1,0.1,0.1
108,3,0.1,0.1,0.1,0.1,0.1,0.1,0.1,0.1,0.1,0.1
109,3,0.1,0.1,0.1,0.1,0.1,0.1,0.3,0.1,0.1,0.1
110,3,0.1,0.1,0.1,0.1,0.1,0.1,0.3,0.1,0.1,0.1
111,3,0.1,0.1,0.1,0.1,0.1,0.1,0.3,0.1,0.1,0.1
112,3,0.1,0.1,0.1,0.1,0.1,0.1,0.3,0.1,0.1,0.1
113,3,0.1,0.1,0.1,0.1,0.1,0.1,0.3,0.1,0.1,0.1
114,3,0.1,0.1,0.1,0.1,0.1,0.1,0.3,0.1,0.1,0.1
115,3,0.1,0.1,0.1,0.1,0.1,0.1,0.1,0.1,0.1,0.1
116,3,0.1,0.1,0.1,0.1,0.1,0.1,0.3,0.1,0.1,0.1
117,3,0.9,0.1,0.1,0.1,0.9,0.1,0.9,0.9,0.633,0.633
118,3,0.9,0.1,0.1,0.1,0.9,0.1,0.9,0.9,0.633,0.633
119,3,0.1,0.1,0.1,0.1,0.1,0.1,0.1,0.1,0.1,0.1
120,3,0.1,0.1,0.1,0.1,0.1,0.1,0.3,0.1,0.1,0.1
121,3,0.1,0.1,0.1,0.1,0.1,0.1,0.1,0.1,0.1,0.1
122,3,0.1,0.1,0.1,0.1,0.1,0.1,0.1,0.1,0.1,0.1
123,3,0.9,0.1,0.1,0.1,0.9,0.1,0.9,0.9,0.633,0.633
124,3,0.1,0.1,0.1,0.1,0.1,0.1,0.1,0.1,0.1,0.1
125,3,0.1,0.1,0.1,0.1,0.1,0.1,0.1,0.1,0.1,0.1
126,3,0.1,0.1,0.1,0.1,0.1,0.1,0.1,0.1,0.1,0.1
127,3,0.1,0.1,0.1,0.1,0.1,0.1,0.1,0.1,0.1,0.1
128,3,0.1,0.1,0.1,0.1,0.1,0.1,0.1,0.1,0.1,0.1
129,3,0.1,0.1,0.1,0.1,0.1,0.1,0.1,0.1,0.1,0.1
130,3,0.1,0.1,0.1,0.1,0.1,0.1,0.1,0.1,0.1,0.1
131,3,0.1,0.1,0.1,0.1,0.1,0.1,0.1,0.1,0.1,0.1
132,3,0.1,0.1,0.1,0.1,0.1,0.1,0.1,0.1,0.1,0.1
133,3,0.1,0.1,0.1,0.1,0.1,0.1,0.1,0.1,0.1,0.1
134,3,0.1,0.1,0.1,0.1,0.1,0.1,0.1,0.1,0.1,0.1
135,3,0.1,0.1,0.1,0.1,0.1,0.1,0.1,0.1,0.1,0.1
136,3,0.1,0.1,0.1,0.1,0.1,0.1,0.1,0.1,0.1,0.1
137,3,0.1,0.1,0.1,0.1,0.1,0.1,0.1,0.1,0.1,0.1
138,3,0.1,0.1,0.1,0.1,0.1,0.1,0.1,0.1,0.1,0.1
139,3,0.1,0.1,0.1,0.1,0.1,0.1,0.1,0.1,0.1,0.1
140,3,0.1,0.1,0.1,0.1,0.1,0.1,0.1,0.1,0.1,0.1
141,3,0.1,0.1,0.1,0.1,0.1,0.1,0.1,0.1,0.1,0.1
142,3,0.1,0.1,0.1,0.1,0.1,0.1,0.1,0.1,0.1,0.1
143,3,0.1,0.1,0.1,0.1,0.1,0.1,0.1,0.1,0.1,0.1
144,3,0.1,0.1,0.1,0.1,0.1,0.1,0.1,0.1,0.1,0.1
145,3,0.1,0.1,0.1,0.1,0.1,0.1,0.1,0.1,0.1,0.1
146,3,0.1,0.1,0.1,0.1,0.1,0.1,0.1,0.1,0.1,0.1
147,3,0.1,0.1,0.1,0.1,0.1,0.1,0.1,0.1,0.1,0.1
148,3,0.1,0.1,0.1,0.1,0.1,0.1,0.1,0.1,0.1,0.1
149,3,0.1,0.1,0.1,0.1,0.1,0.1,0.1,0.1,0.1,0.1
150,3,0.1,0.1,0.1,0.1,0.1,0.1,0.1,0.1,0.1,0.1
151,3,0.1,0.1,0.1,0.1,0.1,0.1,0.1,0.1,0.1,0.1
152,3,0.1,0.1,0.1,0.1,0.1,0.1,0.1,0.1,0.1,0.1
153,3,0.1,0.1,0.1,0.1,0.1,0.1,0.1,0.1,0.1,0.1
154,3,0.1,0.1,0.1,0.1,0.1,0.1,0.1,0.1,0.1,0.1
155,3,0.1,0.1,0.1,0.1,0.1,0.1,0.1,0.1,0.1,0.1
156,3,0.1,0.1,0.1,0.1,0.1,0.1,0.1,0.1,0.1,0.1
157,3,0.1,0.1,0.1,0.1,0.1,0.1,0.1,0.1,0.1,0.1
158,3,0.1,0.1,0.1,0.1,0.1,0.1,0.1,0.1,0.1,0.1
159,3,0.1,0.1,0.1,0.1,0.1,0.1,0.1,0.1,0.1,0.1
160,3,0.1,0.1,0.1,0.1,0.1,0.1,0.1,0.1,0.1,0.1
161,3,0.1,0.1,0.1,0.1,0.1,0.1,0.1,0.1,0.1,0.1
162,3,0.1,0.1,0.1,0.1,0.1,0.1,0.1,0.1,0.1,0.1
163,3,0.1,0.1,0.1,0.1,0.1,0.1,0.1,0.1,0.1,0.1
164,3,0.1,0.1,0.1,0.1,0.1,0.1,0.1,0.1,0.1,0.1
165,3,0.1,0.1,0.1,0.1,0.1,0.1,0.1,0.1,0.1,0.1
166,3,0.1,0.1,0.1,0.1,0.1,0.1,0.1,0.1,0.1,0.1
167,3,0.1,0.1,0.1,0.1,0.1,0.1,0.1,0.1,0.1,0.1
168,3,0.1,0.1,0.1,0.1,0.1,0.1,0.1,0.1,0.1,0.1
169,3,0.1,0.1,0.1,0.1,0.1,0.1,0.1,0.1,0.1,0.1
170,3,0.1,0.1,0.1,0.1,0.1,0.1,0.1,0.1,0.1,0.1
171,3,0.1,0.1,0.1,0.1,0.1,0.1,0.1,0.1,0.1,0.1
172,3,0.1,0.1,0.1,0.1,0.1,0.1,0.1,0.1,0.1,0.1
173,3,0.1,0.1,0.1,0.1,0.1,0.1,0.1,0.1,0.1,0.1
174,3,0.1,0.1,0.1,0.1,0.1,0.1,0.1,0.1,0.1,0.1
175,3,0.1,0.1,0.1,0.1,0.1,0.1,0.1,0.1,0.1,0.1
176,3,0.1,0.1,0.1,0.1,0.1,0.1,0.1,0.1,0.1,0.1
177,3,0.1,0.1,0.1,0.1,0.1,0.1,0.1,0.1,0.1,0.1
178,3,0.1,0.1,0.1,0.1,0.1,0.1,0.1,0.1,0.1,0.1
179,3,0.1,0.1,0.1,0.1,0.1,0.1,0.1,0.1,0.1,0.1
180,3,0.1,0.1,0.1,0.1,0.1,0.1,0.1,0.1,0.1,0.1
181,3,0.1,0.1,0.1,0.1,0.1,0.1,0.1,0.1,0.1,0.1
182,3,0.1,0.1,0.1,0.1,0.1,0.1,0.1,0.1,0.1,0.1
183,3,0.1,0.1,0.1,0.1,0.1,0.1,0.1,0.1,0.1,0.1
184,3,0.1,0.1,0.1,0.1,0.1,0.1,0.3,0.1,0.1,0.1
185,3,0.1,0.1,0.1,0.1,0.1,0.1,0.1,0.1,0.1,0.1
186,3,0.1,0.1,0.1,0.1,0.1,0.1,0.1,0.1,0.1,0.1
1,4,0.1,0.1,0.1,0.1,0.1,0.1,0.1,0.1,0.1,0.1
2,4,0.3,0.443,0.367,0.1,0.1,0.1,0.3,0.5,0.1,0.4
3,4,0.5,0.329,0.367,0.1,0.1,0.1,0.3,0.5,0.1,0.6
4,4,0.3,0.329,0.367,0.1,0.1,0.1,0.3,0.5,0.1,0.7
5,4,0.1,0.214,0.367,0.1,0.1,0.1,0.5,0.5,0.1,0.3
6,4,0.5,0.329,0.367,0.1,0.1,0.1,0.5,0.5,0.1,0.4
7,4,0.3,0.214,0.633,0.1,0.1,0.1,0.5,0.1,0.367,0.5
8,4,0.5,0.443,0.367,0.1,0.1,0.1,0.5,0.5,0.1,0.5
9,4,0.5,0.214,0.633,0.1,0.1,0.1,0.5,0.5,0.1,0.6
10,4,0.5,0.214,0.633,0.1,0.1,0.1,0.5,0.1,0.367,0.6
11,4,0.5,0.214,0.633,0.1,0.1,0.1,0.5,0.1,0.367,0.6
12,4,0.5,0.329,0.633,0.1,0.1,0.1,0.5,0.1,0.367,0.6
13,4,0.5,0.329,0.9,0.1,0.1,0.1,0.5,0.1,0.367,0.6
14,4,0.5,0.443,0.367,0.1,0.1,0.1,0.5,0.5,0.1,0.6
15,4,0.3,0.214,0.367,0.1,0.5,0.1,0.7,0.5,0.1,0.3
16,4,0.1,0.1,0.367,0.1,0.9,0.1,0.9,0.9,0.1,0.2
17,4,0.1,0.1,0.1,0.1,0.1,0.1,0.3,0.1,0.1,0.1
18,4,0.1,0.1,0.1,0.1,0.1,0.1,0.3,0.5,0.1,0.2
19,4,0.1,0.329,0.1,0.1,0.1,0.1,0.3,0.5,0.1,0.3
20,4,0.1,0.329,0.1,0.1,0.1,0.1,0.3,0.5,0.1,0.3
21,4,0.1,0.557,0.1,0.1,0.1,0.1,0.3,0.5,0.1,0.5
22,4,0.1,0.557,0.1,0.1,0.1,0.1,0.3,0.5,0.1,0.5
23,4,0.1,0.786,0.1,0.1,0.1,0.1,0.3,0.5,0.1,0.5
24,4,0.1,0.786,0.367,0.1,0.1,0.1,0.3,0.5,0.1,0.7
25,4,0.5,0.1,0.367,0.5,0.1,0.5,0.5,0.5,0.367,0.3
26,4,0.5,0.1,0.367,0.5,0.1,0.5,0.5,0.5,0.367,0.3
27,4,0.3,0.1,0.367,0.5,0.1,0.5,0.5,0.5,0.367,0.4
28,4,0.3,0.1,0.367,0.5,0.1,0.5,0.5,0.5,0.367,0.4
29,4,0.5,0.214,0.367,0.1,0.1,0.1,0.5,0.5,0.367,0.4
30,4,0.3,0.214,0.367,0.5,0.1,0.5,0.5,0.5,0.367,0.4
31,4,0.3,0.214,0.367,0.5,0.1,0.5,0.5,0.5,0.367,0.4
32,4,0.3,0.329,0.367,0.5,0.1,0.5,0.5,0.5,0.367,0.4
33,4,0.3,0.329,0.367,0.5,0.1,0.5,0.5,0.5,0.367,0.4
34,4,0.3,0.329,0.367,0.5,0.1,0.5,0.5,0.5,0.367,0.4
35,4,0.3,0.329,0.367,0.5,0.1,0.5,0.5,0.5,0.367,0.4
36,4,0.3,0.329,0.367,0.5,0.1,0.5,0.5,0.5,0.367,0.4
37,4,0.3,0.329,0.367,0.5,0.1,0.5,0.5,0.5,0.367,0.4
38,4,0.5,0.329,0.367,0.5,0.1,0.5,0.5,0.5,0.367,0.4
39,4,0.3,0.329,0.367,0.5,0.1,0.5,0.5,0.9,0.367,0.4
40,4,0.3,0.329,0.633,0.5,0.1,0.5,0.5,0.5,0.367,0.4
41,4,0.3,0.329,0.633,0.5,0.1,0.5,0.5,0.5,0.367,0.4
42,4,0.3,0.329,0.633,0.5,0.1,0.5,0.5,0.5,0.367,0.4
43,4,0.1,0.443,0.633,0.1,0.1,0.1,0.5,0.5,0.367,0.4
44,4,0.1,0.443,0.633,0.1,0.1,0.1,0.5,0.5,0.367,0.4
45,4,0.3,0.214,0.633,0.9,0.1,0.9,0.5,0.5,0.367,0.5
46,4,0.3,0.214,0.633,0.9,0.1,0.9,0.5,0.5,0.367,0.5
47,4,0.3,0.214,0.633,0.9,0.1,0.9,0.5,0.5,0.367,0.5
48,4,0.5,0.329,0.367,0.1,0.1,0.1,0.5,0.5,0.367,0.5
49,4,0.5,0.329,0.367,0.1,0.1,0.1,0.5,0.5,0.367,0.5
50,4,0.5,0.329,0.633,0.1,0.1,0.1,0.5,0.5,0.367,0.5
51,4,0.5,0.329,0.367,0.5,0.1,0.5,0.5,0.5,0.367,0.5
52,4,0.3,0.443,0.367,0.5,0.1,0.5,0.5,0.5,0.367,0.5
53,4,0.3,0.443,0.367,0.5,0.1,0.5,0.5,0.5,0.367,0.5
54,4,0.1,0.557,0.367,0.1,0.1,0.1,0.5,0.5,0.367,0.5
55,4,0.1,0.557,0.367,0.1,0.1,0.1,0.5,0.5,0.367,0.5
56,4,0.5,0.443,0.367,0.1,0.1,0.1,0.5,0.5,0.1,0.6
57,4,0.9,0.214,0.367,0.5,0.1,0.5,0.5,0.5,0.367,0.7
58,4,0.9,0.214,0.367,0.5,0.1,0.5,0.5,0.5,0.367,0.7
59,4,0.9,0.214,0.367,0.5,0.1,0.5,0.5,0.5,0.367,0.7
60,4,0.7,0.329,0.367,0.5,0.1,0.5,0.5,0.5,0.367,0.7
61,4,0.7,0.329,0.367,0.5,0.1,0.5,0.5,0.5,0.367,0.7
62,4,0.7,0.329,0.367,0.5,0.1,0.5,0.5,0.5,0.367,0.7
63,4,0.5,0.557,0.367,0.1,0.1,0.1,0.5,0.5,0.1,0.7
64,4,0.3,0.557,0.9,0.9,0.1,0.9,0.5,0.5,0.367,0.7
65,4,0.9,0.214,0.633,0.5,0.1,0.5,0.5,0.5,0.367,0.8
66,4,0.9,0.214,0.633,0.5,0.1,0.5,0.5,0.5,0.367,0.8
67,4,0.3,0.214,0.367,0.5,0.1,0.5,0.5,0.5,0.367,0.9
68,4,0.7,0.214,0.367,0.5,0.1,0.5,0.5,0.5,0.367,0.9
69,4,0.3,0.329,0.367,0.5,0.5,0.5,0.7,0.5,0.1,0.4
70,4,0.5,0.329,0.367,0.1,0.5,0.1,0.9,0.9,0.633,0.5
71,4,0.5,0.329,0.367,0.1,0.5,0.1,0.9,0.9,0.633,0.5
72,4,0.1,0.1,0.1,0.1,0.1,0.1,0.3,0.1,0.1,0.1
73,4,0.1,0.1,0.1,0.1,0.1,0.1,0.3,0.1,0.1,0.1
74,4,0.1,0.1,0.1,0.1,0.1,0.1,0.3,0.1,0.1,0.1
75,4,0.1,0.1,0.1,0.1,0.1,0.1,0.3,0.1,0.1,0.1
76,4,0.1,0.1,0.1,0.1,0.1,0.1,0.3,0.1,0.1,0.1
77,4,0.1,0.1,0.1,0.1,0.1,0.1,0.7,0.5,0.9,0.2
78,4,0.1,0.1,0.1,0.1,0.1,0.1,0.1,0.1,0.1,0.1
79,4,0.1,0.1,0.1,0.1,0.1,0.1,0.1,0.1,0.1,0.1
80,4,0.1,0.1,0.1,0.1,0.1,0.1,0.3,0.1,0.1,0.1
81,4,0.1,0.1,0.1,0.1,0.1,0.1,0.3,0.1,0.1,0.1
82,4,0.1,0.1,0.1,0.1,0.1,0.1,0.3,0.1,0.1,0.1
83,4,0.1,0.1,0.1,0.1,0.1,0.1,0.7,0.5,0.9,0.2
84,4,0.1,0.1,0.1,0.1,0.1,0.1,0.3,0.1,0.1,0.1
85,4,0.1,0.1,0.1,0.1,0.1,0.1,0.3,0.1,0.1,0.1
86,4,0.1,0.1,0.1,0.1,0.1,0.1,0.3,0.1,0.1,0.1
87,4,0.1,0.1,0.1,0.1,0.1,0.1,0.3,0.1,0.1,0.1
88,4,0.1,0.1,0.1,0.1,0.1,0.1,0.1,0.1,0.1,0.1
89,4,0.1,0.1,0.1,0.1,0.1,0.1,0.3,0.1,0.1,0.1
90,4,0.1,0.1,0.1,0.1,0.1,0.1,0.3,0.1,0.1,0.1
91,4,0.1,0.1,0.1,0.1,0.1,0.1,0.1,0.1,0.1,0.1
92,4,0.1,0.1,0.1,0.1,0.1,0.1,0.3,0.1,0.1,0.1
93,4,0.1,0.1,0.1,0.1,0.1,0.1,0.3,0.1,0.1,0.1
94,4,0.1,0.1,0.1,0.1,0.1,0.1,0.3,0.1,0.1,0.1
95,4,0.1,0.557,0.367,0.1,0.1,0.1,0.3,0.5,0.1,0.5
96,4,0.1,0.1,0.1,0.1,0.1,0.1,0.3,0.1,0.1,0.1
97,4,0.1,0.1,0.1,0.1,0.1,0.1,0.3,0.1,0.1,0.1
98,4,0.1,0.1,0.1,0.1,0.1,0.1,0.3,0.1,0.1,0.1
99,4,0.1,0.1,0.1,0.1,0.1,0.1,0.3,0.1,0.1,0.1
100,4,0.1,0.1,0.1,0.1,0.1,0.1,0.3,0.1,0.1,0.1
101,4,0.1,0.1,0.1,0.1,0.1,0.1,0.3,0.1,0.1,0.1
102,4,0.1,0.1,0.1,0.1,0.1,0.1,0.7,0.5,0.9,0.2
103,4,0.1,0.1,0.1,0.1,0.1,0.1,0.3,0.1,0.1,0.1
104,4,0.1,0.1,0.1,0.1,0.1,0.1,0.3,0.1,0.1,0.1
105,4,0.1,0.1,0.1,0.1,0.1,0.1,0.3,0.1,0.1,0.1
106,4,0.1,0.1,0.1,0.1,0.1,0.1,0.7,0.5,0.9,0.2
107,4,0.1,0.1,0.1,0.1,0.1,0.1,0.3,0.1,0.1,0.1
108,4,0.1,0.1,0.1,0.1,0.1,0.1,0.1,0.1,0.1,0.1
109,4,0.1,0.1,0.1,0.1,0.1,0.1,0.3,0.1,0.1,0.1
110,4,0.1,0.1,0.1,0.1,0.1,0.1,0.3,0.1,0.1,0.1
111,4,0.1,0.1,0.1,0.1,0.1,0.1,0.3,0.1,0.1,0.1
112,4,0.1,0.1,0.1,0.1,0.1,0.1,0.3,0.1,0.1,0.1
113,4,0.1,0.1,0.1,0.1,0.1,0.1,0.3,0.1,0.1,0.1
114,4,0.1,0.1,0.1,0.1,0.1,0.1,0.3,0.1,0.1,0.1
115,4,0.1,0.1,0.1,0.1,0.1,0.1,0.1,0.1,0.1,0.1
116,4,0.1,0.1,0.1,0.1,0.1,0.1,0.3,0.1,0.1,0.1
117,4,0.1,0.1,0.1,0.1,0.1,0.1,0.3,0.1,0.1,0.1
118,4,0.1,0.1,0.1,0.1,0.1,0.1,0.7,0.5,0.9,0.2
119,4,0.1,0.1,0.1,0.1,0.1,0.1,0.1,0.1,0.1,0.1
120,4,0.1,0.1,0.1,0.1,0.1,0.1,0.3,0.1,0.1,0.1
121,4,0.1,0.1,0.1,0.1,0.1,0.1,0.1,0.1,0.1,0.1
122,4,0.1,0.1,0.1,0.1,0.1,0.1,0.1,0.1,0.1,0.1
123,4,0.1,0.1,0.1,0.1,0.1,0.1,0.7,0.5,0.9,0.2
124,4,0.1,0.1,0.1,0.1,0.1,0.1,0.1,0.1,0.1,0.1
125,4,0.1,0.1,0.1,0.1,0.1,0.1,0.1,0.1,0.1,0.1
126,4,0.1,0.1,0.1,0.1,0.1,0.1,0.1,0.1,0.1,0.1
127,4,0.1,0.329,0.1,0.1,0.1,0.1,0.3,0.5,0.1,0.3
128,4,0.1,0.329,0.1,0.1,0.1,0.1,0.3,0.5,0.1,0.3
129,4,0.1,0.329,0.1,0.1,0.1,0.1,0.3,0.5,0.1,0.3
130,4,0.1,0.557,0.1,0.1,0.1,0.1,0.3,0.5,0.1,0.5
131,4,0.1,0.557,0.1,0.1,0.1,0.1,0.3,0.5,0.1,0.5
132,4,0.1,0.557,0.1,0.1,0.1,0.1,0.3,0.5,0.1,0.5
133,4,0.1,0.557,0.1,0.1,0.1,0.1,0.3,0.5,0.1,0.5
134,4,0.1,0.557,0.1,0.1,0.1,0.1,0.3,0.5,0.1,0.5
135,4,0.1,0.329,0.367,0.1,0.1,0.1,0.5,0.5,0.1,0.3
136,4,0.1,0.329,0.367,0.1,0.1,0.1,0.5,0.5,0.1,0.3
137,4,0.1,0.329,0.367,0.1,0.1,0.1,0.5,0.5,0.1,0.3
138,4,0.1,0.329,0.367,0.1,0.1,0.1,0.5,0.5,0.1,0.3
139,4,0.1,0.329,0.367,0.1,0.1,0.1,0.5,0.5,0.1,0.3
140,4,0.1,0.329,0.367,0.1,0.1,0.1,0.5,0.5,0.1,0.3
141,4,0.1,0.329,0.367,0.1,0.1,0.1,0.5,0.5,0.1,0.3
142,4,0.1,0.329,0.367,0.1,0.1,0.1,0.5,0.5,0.1,0.3
143,4,0.1,0.329,0.367,0.1,0.1,0.1,0.5,0.5,0.1,0.3
144,4,0.1,0.329,0.367,0.1,0.1,0.1,0.5,0.5,0.1,0.3
145,4,0.1,0.329,0.367,0.1,0.1,0.1,0.5,0.5,0.1,0.3
146,4,0.1,0.329,0.367,0.1,0.1,0.1,0.5,0.5,0.1,0.3
147,4,0.3,0.329,0.367,0.5,0.1,0.5,0.5,0.5,0.367,0.4
148,4,0.3,0.329,0.367,0.5,0.1,0.5,0.5,0.9,0.367,0.4
149,4,0.3,0.329,0.367,0.5,0.1,0.5,0.5,0.9,0.367,0.4
150,4,0.3,0.329,0.633,0.5,0.1,0.5,0.5,0.5,0.367,0.4
151,4,0.3,0.329,0.633,0.5,0.1,0.5,0.5,0.5,0.367,0.4
152,4,0.1,0.443,0.633,0.1,0.1,0.1,0.5,0.5,0.367,0.4
153,4,0.1,0.557,0.633,0.1,0.1,0.1,0.5,0.5,0.367,0.4
154,4,0.3,0.214,0.633,0.1,0.1,0.1,0.5,0.1,0.367,0.5
155,4,0.3,0.214,0.633,0.9,0.1,0.9,0.5,0.5,0.367,0.5
156,4,0.3,0.214,0.633,0.9,0.1,0.9,0.5,0.5,0.367,0.5
157,4,0.5,0.329,0.633,0.1,0.1,0.1,0.5,0.5,0.367,0.5
158,4,0.5,0.329,0.633,0.1,0.1,0.1,0.5,0.5,0.367,0.5
159,4,0.5,0.329,0.633,0.5,0.1,0.5,0.5,0.5,0.367,0.5
160,4,0.3,0.443,0.367,0.5,0.1,0.5,0.5,0.5,0.367,0.5
161,4,0.1,0.671,0.633,0.1,0.1,0.1,0.5,0.5,0.367,0.5
162,4,0.1,0.786,0.9,0.1,0.1,0.1,0.5,0.5,0.367,0.5
163,4,0.5,0.214,0.633,0.1,0.1,0.1,0.5,0.1,0.367,0.6
164,4,0.5,0.214,0.633,0.1,0.1,0.1,0.5,0.1,0.367,0.6
165,4,0.5,0.329,0.633,0.1,0.1,0.1,0.5,0.1,0.367,0.6
166,4,0.5,0.329,0.9,0.1,0.1,0.1,0.5,0.1,0.367,0.6
167,4,0.3,0.443,0.9,0.5,0.1,0.5,0.5,0.5,0.367,0.6
168,4,0.3,0.443,0.9,0.5,0.1,0.5,0.5,0.5,0.367,0.6
169,4,0.3,0.557,0.633,0.5,0.1,0.5,0.5,0.5,0.367,0.6
170,4,0.3,0.557,0.633,0.5,0.1,0.5,0.5,0.5,0.367,0.6
171,4,0.3,0.557,0.633,0.5,0.1,0.5,0.5,0.5,0.367,0.6
172,4,0.3,0.671,0.367,0.5,0.1,0.5,0.5,0.5,0.367,0.6
173,4,0.1,0.786,0.633,0.1,0.1,0.1,0.5,0.5,0.367,0.6
174,4,0.1,0.9,0.633,0.1,0.1,0.1,0.5,0.5,0.367,0.6
175,4,0.3,0.329,0.367,0.1,0.1,0.1,0.5,0.5,0.367,0.7
176,4,0.3,0.557,0.9,0.9,0.1,0.9,0.5,0.5,0.367,0.7
177,4,0.3,0.557,0.9,0.9,0.1,0.9,0.5,0.5,0.367,0.7
178,4,0.3,0.557,0.9,0.9,0.1,0.9,0.5,0.5,0.367,0.7
179,4,0.3,0.671,0.9,0.9,0.1,0.9,0.5,0.5,0.367,0.7
180,4,0.1,0.1,0.1,0.1,0.1,0.1,0.7,0.5,0.9,0.2
181,4,0.3,0.557,0.633,0.5,0.5,0.5,0.7,0.5,0.1,0.6
182,4,0.3,0.329,0.633,0.5,0.1,0.5,0.5,0.5,0.367,0.4
183,4,0.1,0.1,0.1,0.1,0.1,0.1,0.1,0.1,0.1,0.1
184,4,0.1,0.1,0.1,0.1,0.1,0.1,0.3,0.1,0.1,0.1
185,4,0.1,0.1,0.1,0.1,0.1,0.1,0.1,0.1,0.1,0.1
186,4,0.1,0.1,0.1,0.1,0.1,0.1,0.1,0.1,0.1,0.1
1,5,0.1,0,0.1,0,0.1,0,0.1,0.1,0.1,0.1
2,5,0.1,0,0.1,0,0.1,0,0.1,0.1,0.1,0.1
3,5,0.1,0,0.1,0,0.1,0,0.1,0.1,0.1,0.1
4,5,0.1,0,0.1,0,0.1,0,0.1,0.1,0.1,0.1
5,5,0.1,0,0.1,0,0.1,0,0.1,0.1,0.1,0.1
6,5,0.1,0,0.1,0,0.1,0,0.1,0.1,0.1,0.1
7,5,0.1,0,0.1,0,0.1,0,0.1,0.1,0.1,0.1
8,5,0.1,0,0.1,0,0.1,0,0.1,0.1,0.1,0.1
9,5,0.1,0,0.1,0,0.1,0,0.1,0.1,0.1,0.1
10,5,0.1,0,0.1,0,0.1,0,0.1,0.1,0.1,0.1
11,5,0.1,0,0.1,0,0.1,0,0.1,0.1,0.1,0.1
12,5,0.1,0,0.1,0,0.1,0,0.1,0.1,0.1,0.1
13,5,0.1,0,0.1,0,0.1,0,0.1,0.1,0.1,0.1
14,5,0.1,0,0.1,0,0.1,0,0.1,0.1,0.1,0.1
15,5,0.1,0,0.1,0,0.1,0,0.1,0.1,0.1,0.1
16,5,0.1,0,0.1,0,0.1,0,0.1,0.1,0.1,0.1
17,5,0.1,0,0.1,0,0.1,0,0.3,0.1,0.1,0.1
18,5,0.1,0,0.1,0,0.1,0,0.3,0.1,0.1,0.1
19,5,0.1,0,0.1,0,0.1,0,0.3,0.1,0.1,0.1
20,5,0.1,0,0.1,0,0.1,0,0.3,0.1,0.1,0.1
21,5,0.1,0,0.1,0,0.1,0,0.3,0.1,0.1,0.1
22,5,0.1,0,0.1,0,0.1,0,0.3,0.1,0.1,0.1
23,5,0.1,0,0.1,0,0.1,0,0.3,0.1,0.1,0.1
24,5,0.1,0,0.1,0,0.1,0,0.3,0.1,0.1,0.1
25,5,0.1,0,0.1,0,0.1,0,0.3,0.1,0.1,0.1
26,5,0.9,0,0.1,0,0.5,0,0.9,0.9,0.633,0.42
27,5,0.1,0,0.1,0,0.1,0,0.3,0.1,0.1,0.1
28,5,0.9,0,0.1,0,0.5,0,0.9,0.9,0.633,0.42
29,5,0.1,0,0.1,0,0.1,0,0.3,0.1,0.1,0.1
30,5,0.1,0,0.1,0,0.1,0,0.3,0.1,0.1,0.1
31,5,0.9,0,0.1,0,0.5,0,0.9,0.9,0.633,0.42
32,5,0.1,0,0.1,0,0.1,0,0.3,0.1,0.1,0.1
33,5,0.1,0,0.1,0,0.1,0,0.3,0.5,0.1,0.26
34,5,0.1,0,0.1,0,0.1,0,0.3,0.5,0.1,0.26
35,5,0.1,0,0.5,0,0.1,0,0.5,0.5,0.367,0.42
36,5,0.9,0,0.1,0,0.5,0,0.9,0.9,0.633,0.42
37,5,0.9,0,0.1,0,0.5,0,0.9,0.9,0.633,0.42
38,5,0.1,0,0.1,0,0.1,0,0.3,0.1,0.1,0.1
39,5,0.1,0,0.1,0,0.1,0,0.3,0.1,0.1,0.1
40,5,0.1,0,0.1,0,0.1,0,0.3,0.1,0.1,0.1
41,5,0.1,0,0.1,0,0.1,0,0.3,0.1,0.1,0.1
42,5,0.9,0,0.1,0,0.5,0,0.9,0.9,0.633,0.42
43,5,0.1,0,0.1,0,0.1,0,0.3,0.1,0.1,0.1
44,5,0.1,0,0.1,0,0.1,0,0.3,0.1,0.1,0.1
45,5,0.1,0,0.1,0,0.1,0,0.3,0.1,0.1,0.1
46,5,0.1,0,0.1,0,0.1,0,0.3,0.5,0.1,0.26
47,5,0.9,0,0.1,0,0.5,0,0.9,0.9,0.633,0.42
48,5,0.1,0,0.1,0,0.1,0,0.3,0.1,0.1,0.1
49,5,0.1,0,0.1,0,0.1,0,0.3,0.1,0.1,0.1
50,5,0.1,0,0.1,0,0.1,0,0.3,0.1,0.1,0.1
51,5,0.1,0,0.1,0,0.1,0,0.3,0.1,0.1,0.1
52,5,0.1,0,0.1,0,0.1,0,0.3,0.1,0.1,0.1
53,5,0.9,0,0.1,0,0.5,0,0.9,0.9,0.633,0.42
54,5,0.1,0,0.1,0,0.1,0,0.3,0.1,0.1,0.1
55,5,0.1,0,0.1,0,0.1,0,0.3,0.1,0.1,0.1
56,5,0.1,0,0.1,0,0.1,0,0.3,0.1,0.1,0.1
57,5,0.1,0,0.1,0,0.1,0,0.3,0.1,0.1,0.1
58,5,0.1,0,0.1,0,0.1,0,0.3,0.1,0.1,0.1
59,5,0.1,0,0.1,0,0.1,0,0.3,0.1,0.1,0.1
60,5,0.1,0,0.1,0,0.1,0,0.3,0.1,0.1,0.1
61,5,0.1,0,0.1,0,0.1,0,0.3,0.1,0.1,0.1
62,5,0.9,0,0.1,0,0.5,0,0.9,0.9,0.633,0.42
63,5,0.1,0,0.1,0,0.1,0,0.3,0.1,0.1,0.1
64,5,0.9,0,0.1,0,0.5,0,0.9,0.9,0.633,0.42
65,5,0.1,0,0.1,0,0.1,0,0.3,0.1,0.1,0.1
66,5,0.1,0,0.1,0,0.1,0,0.3,0.1,0.1,0.1
67,5,0.1,0,0.1,0,0.1,0,0.3,0.1,0.1,0.1
68,5,0.1,0,0.1,0,0.1,0,0.3,0.1,0.1,0.1
69,5,0.1,0,0.1,0,0.1,0,0.3,0.1,0.1,0.1
70,5,0.1,0,0.1,0,0.1,0,0.3,0.1,0.1,0.1
71,5,0.9,0,0.1,0,0.5,0,0.9,0.9,0.633,0.42
72,5,0.1,0,0.1,0,0.1,0,0.1,0.1,0.1,0.1
73,5,0.1,0,0.1,0,0.1,0,0.1,0.1,0.1,0.1
74,5,0.1,0,0.1,0,0.1,0,0.1,0.1,0.1,0.1
75,5,0.1,0,0.1,0,0.1,0,0.1,0.1,0.1,0.1
76,5,0.1,0,0.1,0,0.1,0,0.1,0.1,0.1,0.1
77,5,0.1,0,0.1,0,0.1,0,0.1,0.1,0.1,0.1
78,5,0.1,0,0.1,0,0.1,0,0.1,0.1,0.1,0.1
79,5,0.1,0,0.1,0,0.1,0,0.1,0.1,0.1,0.1
80,5,0.1,0,0.1,0,0.1,0,0.1,0.1,0.1,0.1
81,5,0.1,0,0.1,0,0.1,0,0.1,0.1,0.1,0.1
82,5,0.1,0,0.1,0,0.1,0,0.1,0.1,0.1,0.1
83,5,0.1,0,0.1,0,0.1,0,0.1,0.1,0.1,0.1
84,5,0.1,0,0.1,0,0.1,0,0.1,0.1,0.1,0.1
85,5,0.1,0,0.1,0,0.1,0,0.1,0.1,0.1,0.1
86,5,0.1,0,0.1,0,0.1,0,0.1,0.1,0.1,0.1
87,5,0.1,0,0.1,0,0.1,0,0.1,0.1,0.1,0.1
88,5,0.1,0,0.1,0,0.1,0,0.1,0.1,0.1,0.1
89,5,0.1,0,0.1,0,0.1,0,0.1,0.1,0.1,0.1
90,5,0.1,0,0.1,0,0.1,0,0.1,0.1,0.1,0.1
91,5,0.1,0,0.1,0,0.1,0,0.1,0.1,0.1,0.1
92,5,0.1,0,0.1,0,0.1,0,0.1,0.1,0.1,0.1
93,5,0.1,0,0.1,0,0.1,0,0.1,0.1,0.1,0.1
94,5,0.1,0,0.1,0,0.1,0,0.1,0.1,0.1,0.1
95,5,0.1,0,0.1,0,0.1,0,0.3,0.1,0.1,0.1
96,5,0.1,0,0.1,0,0.1,0,0.1,0.1,0.1,0.1
97,5,0.1,0,0.1,0,0.1,0,0.1,0.1,0.1,0.1
98,5,0.1,0,0.1,0,0.1,0,0.1,0.1,0.1,0.1
99,5,0.1,0,0.1,0,0.1,0,0.1,0.1,0.1,0.1
100,5,0.1,0,0.1,0,0.1,0,0.1,0.1,0.1,0.1
101,5,0.1,0,0.1,0,0.1,0,0.1,0.1,0.1,0.1
102,5,0.1,0,0.1,0,0.1,0,0.1,0.1,0.1,0.1
103,5,0.1,0,0.1,0,0.1,0,0.1,0.1,0.1,0.1
104,5,0.1,0,0.1,0,0.1,0,0.1,0.1,0.1,0.1
105,5,0.1,0,0.1,0,0.1,0,0.1,0.1,0.1,0.1
106,5,0.1,0,0.1,0,0.1,0,0.1,0.1,0.1,0.1
107,5,0.1,0,0.1,0,0.1,0,0.1,0.1,0.1,0.1
108,5,0.1,0,0.1,0,0.1,0,0.1,0.1,0.1,0.1
109,5,0.1,0,0.1,0,0.1,0,0.1,0.1,0.1,0.1
110,5,0.1,0,0.1,0,0.1,0,0.1,0.1,0.1,0.1
111,5,0.1,0,0.1,0,0.1,0,0.1,0.1,0.1,0.1
112,5,0.1,0,0.1,0,0.1,0,0.1,0.1,0.1,0.1
113,5,0.1,0,0.1,0,0.1,0,0.1,0.1,0.1,0.1
114,5,0.1,0,0.1,0,0.1,0,0.1,0.1,0.1,0.1
115,5,0.1,0,0.1,0,0.1,0,0.1,0.1,0.1,0.1
116,5,0.1,0,0.1,0,0.1,0,0.1,0.1,0.1,0.1
117,5,0.1,0,0.1,0,0.1,0,0.1,0.1,0.1,0.1
118,5,0.1,0,0.1,0,0.1,0,0.1,0.1,0.1,0.1
119,5,0.1,0,0.1,0,0.1,0,0.1,0.1,0.1,0.1
120,5,0.1,0,0.1,0,0.1,0,0.1,0.1,0.1,0.1
121,5,0.1,0,0.1,0,0.1,0,0.1,0.1,0.1,0.1
122,5,0.1,0,0.1,0,0.1,0,0.1,0.1,0.1,0.1
123,5,0.1,0,0.1,0,0.1,0,0.1,0.1,0.1,0.1
124,5,0.1,0,0.1,0,0.1,0,0.1,0.1,0.1,0.1
125,5,0.1,0,0.1,0,0.1,0,0.1,0.1,0.1,0.1
126,5,0.1,0,0.1,0,0.1,0,0.1,0.1,0.1,0.1
127,5,0.1,0,0.1,0,0.1,0,0.3,0.1,0.1,0.1
128,5,0.1,0,0.1,0,0.1,0,0.7,0.5,0.9,0.26
129,5,0.9,0,0.1,0,0.5,0,0.9,0.9,0.633,0.42
130,5,0.1,0,0.1,0,0.1,0,0.3,0.1,0.1,0.1
131,5,0.1,0,0.1,0,0.1,0,0.3,0.1,0.1,0.1
132,5,0.1,0,0.1,0,0.1,0,0.7,0.5,0.9,0.26
133,5,0.9,0,0.1,0,0.5,0,0.9,0.9,0.633,0.42
134,5,0.9,0,0.1,0,0.5,0,0.9,0.9,0.633,0.42
135,5,0.1,0,0.1,0,0.1,0,0.3,0.1,0.1,0.1
136,5,0.1,0,0.1,0,0.1,0,0.3,0.1,0.1,0.1
137,5,0.1,0,0.1,0,0.1,0,0.3,0.1,0.1,0.1
138,5,0.1,0,0.1,0,0.1,0,0.7,0.5,0.9,0.26
139,5,0.9,0,0.5,0,0.5,0,0.7,0.5,0.1,0.58
140,5,0.9,0,0.5,0,0.5,0,0.7,0.5,0.1,0.74
141,5,0.9,0,0.5,0,0.5,0,0.7,0.5,0.1,0.74
142,5,0.9,0,0.5,0,0.5,0,0.7,0.5,0.1,0.9
143,5,0.9,0,0.9,0,0.5,0,0.7,0.5,0.1,0.9
144,5,0.1,0,0.5,0,0.9,0,0.9,0.9,0.1,0.26
145,5,0.9,0,0.1,0,0.5,0,0.9,0.9,0.633,0.42
146,5,0.9,0,0.1,0,0.5,0,0.9,0.9,0.633,0.42
147,5,0.1,0,0.1,0,0.1,0,0.3,0.1,0.1,0.1
148,5,0.1,0,0.1,0,0.1,0,0.3,0.1,0.1,0.1
149,5,0.9,0,0.1,0,0.5,0,0.9,0.9,0.633,0.42
150,5,0.1,0,0.1,0,0.1,0,0.3,0.1,0.1,0.1
151,5,0.9,0,0.1,0,0.5,0,0.9,0.9,0.633,0.42
152,5,0.1,0,0.1,0,0.1,0,0.3,0.1,0.1,0.1
153,5,0.1,0,0.1,0,0.1,0,0.3,0.1,0.1,0.1
154,5,0.1,0,0.1,0,0.1,0,0.1,0.1,0.1,0.1
155,5,0.1,0,0.1,0,0.1,0,0.3,0.1,0.1,0.1
156,5,0.1,0,0.1,0,0.1,0,0.3,0.5,0.1,0.26
157,5,0.1,0,0.1,0,0.1,0,0.3,0.1,0.1,0.1
158,5,0.1,0,0.1,0,0.1,0,0.3,0.1,0.1,0.1
159,5,0.1,0,0.1,0,0.1,0,0.3,0.1,0.1,0.1
160,5,0.1,0,0.1,0,0.1,0,0.3,0.1,0.1,0.1
161,5,0.1,0,0.1,0,0.1,0,0.3,0.1,0.1,0.1
162,5,0.1,0,0.1,0,0.1,0,0.3,0.1,0.1,0.1
163,5,0.1,0,0.1,0,0.1,0,0.1,0.1,0.1,0.1
164,5,0.1,0,0.1,0,0.1,0,0.1,0.1,0.1,0.1
165,5,0.1,0,0.1,0,0.1,0,0.1,0.1,0.1,0.1
166,5,0.1,0,0.1,0,0.1,0,0.1,0.1,0.1,0.1
167,5,0.1,0,0.1,0,0.1,0,0.3,0.1,0.1,0.1
168,5,0.1,0,0.1,0,0.1,0,0.3,0.5,0.1,0.26
169,5,0.1,0,0.1,0,0.1,0,0.3,0.1,0.1,0.1
170,5,0.1,0,0.1,0,0.1,0,0.3,0.1,0.1,0.1
171,5,0.9,0,0.1,0,0.5,0,0.9,0.9,0.633,0.42
172,5,0.1,0,0.1,0,0.1,0,0.3,0.1,0.1,0.1
173,5,0.1,0,0.1,0,0.1,0,0.3,0.1,0.1,0.1
174,5,0.1,0,0.1,0,0.1,0,0.3,0.1,0.1,0.1
175,5,0.1,0,0.1,0,0.1,0,0.3,0.1,0.1,0.1
176,5,0.1,0,0.1,0,0.1,0,0.3,0.1,0.1,0.1
177,5,0.9,0,0.1,0,0.5,0,0.9,0.9,0.633,0.42
178,5,0.9,0,0.1,0,0.5,0,0.9,0.9,0.633,0.42
179,5,0.9,0,0.1,0,0.5,0,0.9,0.9,0.633,0.42
180,5,0.1,0,0.1,0,0.1,0,0.1,0.1,0.1,0.1
181,5,0.1,0,0.1,0,0.1,0,0.3,0.1,0.1,0.1
182,5,0.1,0,0.1,0,0.1,0,0.3,0.1,0.1,0.1
183,5,0.1,0,0.1,0,0.1,0,0.1,0.1,0.1,0.1
184,5,0.1,0,0.1,0,0.1,0,0.1,0.1,0.1,0.1
185,5,0.1,0,0.1,0,0.1,0,0.1,0.1,0.1,0.1
186,5,0.1,0,0.1,0,0.1,0,0.1,0.1,0.1,0.1
1,6,0.1,0.1,0.1,0.1,0.1,0.1,0.1,0.1,0.1,0.1
2,6,0.1,0.1,0.1,0.1,0.1,0.1,0.1,0.1,0.1,0.1
3,6,0.1,0.1,0.1,0.1,0.1,0.1,0.1,0.1,0.1,0.1
4,6,0.1,0.1,0.1,0.1,0.1,0.1,0.1,0.1,0.1,0.1
5,6,0.1,0.1,0.1,0.1,0.1,0.1,0.1,0.1,0.1,0.1
6,6,0.1,0.1,0.1,0.1,0.1,0.1,0.1,0.1,0.1,0.1
7,6,0.1,0.1,0.1,0.1,0.1,0.1,0.1,0.1,0.1,0.1
8,6,0.1,0.1,0.1,0.1,0.1,0.1,0.1,0.1,0.1,0.1
9,6,0.1,0.1,0.1,0.1,0.1,0.1,0.1,0.1,0.1,0.1
10,6,0.1,0.1,0.1,0.1,0.1,0.1,0.1,0.1,0.1,0.1
11,6,0.1,0.1,0.1,0.1,0.1,0.1,0.1,0.1,0.1,0.1
12,6,0.1,0.1,0.1,0.1,0.1,0.1,0.1,0.1,0.1,0.1
13,6,0.1,0.1,0.1,0.1,0.1,0.1,0.1,0.1,0.1,0.1
14,6,0.1,0.1,0.1,0.1,0.1,0.1,0.1,0.1,0.1,0.1
15,6,0.1,0.1,0.1,0.1,0.1,0.1,0.1,0.1,0.1,0.1
16,6,0.1,0.1,0.1,0.1,0.1,0.1,0.1,0.1,0.1,0.1
17,6,0.1,0.1,0.1,0.1,0.1,0.1,0.3,0.1,0.1,0.1
18,6,0.1,0.1,0.1,0.1,0.1,0.1,0.3,0.1,0.1,0.1
19,6,0.1,0.1,0.1,0.1,0.1,0.1,0.3,0.1,0.1,0.1
20,6,0.633,0.1,0.1,0.1,0.9,0.1,0.9,0.9,0.633,0.5
21,6,0.1,0.1,0.1,0.1,0.1,0.1,0.3,0.1,0.1,0.1
22,6,0.633,0.1,0.1,0.1,0.9,0.1,0.9,0.9,0.633,0.5
23,6,0.633,0.1,0.1,0.1,0.9,0.1,0.9,0.9,0.633,0.5
24,6,0.1,0.1,0.1,0.1,0.1,0.1,0.3,0.1,0.1,0.1
25,6,0.633,0.1,0.1,0.1,0.9,0.1,0.9,0.9,0.633,0.5
26,6,0.1,0.1,0.1,0.1,0.1,0.1,0.3,0.1,0.1,0.1
27,6,0.633,0.1,0.1,0.1,0.9,0.1,0.9,0.9,0.633,0.5
28,6,0.1,0.1,0.1,0.1,0.1,0.1,0.3,0.1,0.1,0.1
29,6,0.1,0.1,0.1,0.1,0.1,0.1,0.3,0.1,0.1,0.1
30,6,0.633,0.1,0.1,0.1,0.9,0.1,0.9,0.9,0.633,0.5
31,6,0.1,0.1,0.1,0.1,0.1,0.1,0.3,0.1,0.1,0.1
32,6,0.633,0.1,0.1,0.1,0.9,0.1,0.9,0.9,0.633,0.5
33,6,0.633,0.1,0.1,0.1,0.9,0.1,0.9,0.9,0.633,0.5
34,6,0.633,0.1,0.1,0.1,0.9,0.1,0.9,0.9,0.633,0.5
35,6,0.633,0.1,0.1,0.1,0.9,0.1,0.9,0.9,0.633,0.5
36,6,0.1,0.1,0.1,0.1,0.1,0.1,0.3,0.1,0.1,0.1
37,6,0.1,0.1,0.9,0.1,0.1,0.1,0.5,0.5,0.367,0.5
38,6,0.633,0.1,0.1,0.1,0.9,0.1,0.9,0.9,0.633,0.5
39,6,0.633,0.1,0.1,0.1,0.9,0.1,0.9,0.9,0.633,0.5
40,6,0.1,0.1,0.1,0.1,0.1,0.1,0.3,0.1,0.1,0.1
41,6,0.633,0.1,0.1,0.1,0.9,0.1,0.9,0.9,0.633,0.5
42,6,0.1,0.1,0.1,0.1,0.1,0.1,0.3,0.1,0.1,0.1
43,6,0.367,0.9,0.9,0.9,0.1,0.9,0.5,0.5,0.367,0.7
44,6,0.633,0.1,0.1,0.1,0.9,0.1,0.9,0.9,0.633,0.5
45,6,0.633,0.1,0.1,0.1,0.9,0.1,0.9,0.9,0.633,0.5
46,6,0.633,0.1,0.1,0.1,0.9,0.1,0.9,0.9,0.633,0.5
47,6,0.1,0.1,0.1,0.1,0.1,0.1,0.3,0.1,0.1,0.1
48,6,0.1,0.1,0.1,0.1,0.1,0.1,0.3,0.1,0.1,0.1
49,6,0.633,0.1,0.1,0.1,0.9,0.1,0.9,0.9,0.633,0.5
50,6,0.1,0.1,0.1,0.1,0.1,0.1,0.3,0.1,0.1,0.1
51,6,0.633,0.1,0.1,0.1,0.9,0.1,0.9,0.9,0.633,0.5
52,6,0.633,0.1,0.1,0.1,0.9,0.1,0.9,0.9,0.633,0.5
53,6,0.1,0.1,0.1,0.1,0.1,0.1,0.3,0.1,0.1,0.1
54,6,0.1,0.1,0.1,0.1,0.1,0.1,0.3,0.1,0.1,0.1
55,6,0.633,0.1,0.1,0.1,0.9,0.1,0.9,0.9,0.633,0.5
56,6,0.1,0.1,0.1,0.1,0.1,0.1,0.3,0.1,0.1,0.1
57,6,0.633,0.1,0.1,0.1,0.9,0.1,0.9,0.9,0.633,0.5
58,6,0.633,0.1,0.1,0.1,0.9,0.1,0.9,0.9,0.633,0.5
59,6,0.633,0.1,0.1,0.1,0.9,0.1,0.9,0.9,0.633,0.5
60,6,0.633,0.1,0.1,0.1,0.9,0.1,0.9,0.9,0.633,0.5
61,6,0.633,0.1,0.1,0.1,0.9,0.1,0.9,0.9,0.633,0.5
62,6,0.1,0.1,0.1,0.1,0.1,0.1,0.3,0.1,0.1,0.1
63,6,0.1,0.1,0.1,0.1,0.1,0.1,0.3,0.1,0.1,0.1
64,6,0.1,0.1,0.1,0.1,0.1,0.1,0.3,0.1,0.1,0.1
65,6,0.633,0.1,0.1,0.1,0.9,0.1,0.9,0.9,0.633,0.5
66,6,0.633,0.1,0.1,0.1,0.9,0.1,0.9,0.9,0.633,0.5
67,6,0.633,0.1,0.1,0.1,0.9,0.1,0.9,0.9,0.633,0.5
68,6,0.633,0.1,0.1,0.1,0.9,0.1,0.9,0.9,0.633,0.5
69,6,0.633,0.1,0.1,0.1,0.9,0.1,0.9,0.9,0.633,0.5
70,6,0.633,0.1,0.1,0.1,0.9,0.1,0.9,0.9,0.633,0.5
